Date;x45;x7;x54;x3;x63;x30;x80;x44;x59;x51;x24;x57;x11111;x1;x2;x4;x5;x6;x8;x9;x10;x11;x12;x14;x15;x16;x17;x18;x19;x20;x21;x22;x23;x25;x26;x27;x28;x29;x31;x32;x33;x34;x35;x36;x37;x38;x39;x40;x41;x42;x43;x46;x47;x48;x49;x50;x52;x53;x55;x56;x58;x60;x61;x62;x64;x65;x66;x67;x68;x69;x70;x71;x72;x73;x74;x75;x76;x77;x78;x79;x81;x82;x83;x84;x85;x86;x87
01.01.2010;10.11;9098.48;0.06;3787.03;1.15;6.07;2.44;8.53;1.15;4.34;29.09;1.19;0.09;5792.14;4352.66;7806.38;14440.96;18307.04;3166.23;3354.05;394.26;68.99;60.67;6.07;2387.15;3.34;4263599.96;222755.07;247.46;2626480.65;37.9;1399.08;149450.44;42.02;42.52;48.19;5.31;5.59;7.22;7.76;8.26;1.77;1.98;2.36;3.27;3.74;4.24;32.88;19.97;13.86;14.27;3.8;4.89;7.59;8.22;0.42;4.12;11.45;2.56;2.56;1.44;1.53;0.97;1.76;1.44;1.31;1.31;2.43;1.18;1.27;1;2.25;0.35;1.53;0.86;4.57;390.57;2.26;1.26;81.54;2.37;1.85;3.58;3.84;2.54;1;0.11
01.02.2010;11.1;9119.31;0.09;3881.48;1.25;5.97;2.45;7.51;1.18;3.95;29.56;1.2;0.08;5868.93;4452.88;7999.25;14846.43;18733.88;3202.58;3363.5;389.33;69.29;60.55;5.77;2355.98;3.36;3945978.65;201092.6;234.95;2630124.38;38.14;1321.97;141559.43;41.06;43.45;47.24;5.14;5.44;7.12;7.63;8.03;1.65;1.92;2.37;3.4;3.82;4.17;30.61;18.97;12.62;13.56;3.71;4.83;7.24;7.35;0.23;3.99;9.26;2.36;2.36;1.45;1.61;0.97;1.81;1.47;1.32;1.31;2.61;1.19;1.32;1.02;2.26;0.39;1.59;0.84;4.62;391.52;2.24;1.26;77.96;2.38;1.86;3.58;3.91;2.56;1;0.13
01.03.2010;9.12;9166.32;0.13;3980.08;1.29;5.53;2.46;7.42;1.2;5.92;29.46;1.21;0.09;6069.09;4553.52;8246.93;15249.15;19040.99;3226.85;3364.29;381.84;69.32;60.81;5.91;2303.72;3.37;3759114.93;192841.78;225.75;2626493.55;37.92;1400.35;149438.71;40.04;43.54;45.38;4.79;5.07;6.63;7.11;7.37;1.37;1.61;2.03;3.06;3.52;3.94;30.03;18.57;11.56;12.65;3.34;4.63;6.96;6.89;0.44;3.66;8.72;2.39;2.39;1.46;1.61;1.11;1.73;1.45;1.38;1.35;2.7;1.17;1.36;1;2.46;0.41;1.63;0.83;4.48;394.58;2.27;1.27;78.56;2.4;1.87;3.58;3.88;2.59;1;0.16
01.04.2010;8.95;9257.72;0.17;4068.54;1.26;5.3;2.47;8.81;1.21;4.51;29.45;1.21;0.08;6445.45;4643.83;8394.29;15646.37;19358.65;3252.09;3355.05;381.61;69.45;60.88;5.79;2248.23;3.36;3290052.29;175513.98;212.44;2635516.69;37.95;1379.65;148062.13;39.22;43.21;45.61;4.41;4.73;6.6;7.04;7.4;0.88;1.2;1.74;3.03;3.57;4.05;26.43;18.38;11.6;12.75;3.24;4.58;6.61;6.62;0.72;3.37;7.62;2.51;2.51;1.45;1.55;1;1.85;1.44;1.33;1.36;2.7;1.23;1.38;1.08;2.39;0.45;1.63;0.82;4.84;398.55;2.28;1.26;80.49;2.4;1.87;3.59;3.95;2.63;1;0.2
01.05.2010;9.11;9414.01;0.15;4174.81;1.18;5.19;2.48;8.06;1.22;5;30.68;1.21;0.08;6864.19;4761.57;8598.77;16105.43;19839.45;3273.59;3435.55;388.03;69.93;61;5.71;2189.53;3.37;3252035.24;169610.69;203.19;2638342.34;37.87;1339.12;133898.04;38.98;45.04;45.51;3.99;4.45;6.84;7.35;7.67;0.9;1.44;2.31;4.04;4.58;4.97;26.55;18.4;11.51;12.06;3.45;4.93;6.36;6.18;0.54;2.74;8.39;2.09;2.09;1.45;1.63;0.98;1.87;1.43;1.33;1.35;2.84;1.25;1.36;1.09;2.46;0.42;1.65;0.82;4.79;394.02;2.29;1.26;73.14;2.42;1.88;3.6;4.09;2.69;1;0.2
01.06.2010;8.27;9566.8;0.12;4252.38;1.25;4.9;2.5;7.15;1.22;4.9;31.34;1.21;0.08;6837.52;4848.15;8800.14;16465.27;20198.31;3315.4;3553.36;392.9;70.61;61.13;5.47;2124.11;3.4;3103210.16;153179.43;197.18;2663227.65;37.99;1353.55;130104.86;38.7;45.6;45.93;3.66;4.18;6.55;7.2;7.76;0.88;1.38;2.2;4.01;4.69;5.25;26.66;18.21;11.32;11.64;3.25;4.73;5.93;5.91;0.46;2.48;7.14;1.78;1.78;1.45;1.64;0.96;1.84;1.48;1.32;1.36;2.9;1.26;1.37;1.1;2.55;0.47;1.64;0.81;5.04;388.78;2.31;1.26;71.54;2.44;1.88;3.6;3.76;2.68;1;0.18
01.07.2010;8.09;9628.35;0.14;4339.74;1.18;4.78;2.51;6.74;1.22;5.96;31.07;1.22;0.08;6978.28;4922.04;8866.9;16682.88;20440.61;3352.92;3534.78;376.29;70.19;60.98;5.46;2056.56;3.41;3312299.03;170372.23;186.23;2659730.98;37.99;1415.76;145569.29;39.44;45.83;46.69;3.54;4.02;6.52;7.09;7.55;0.57;1.08;1.95;3.83;4.45;4.8;26.91;18.04;10.62;11.56;3.24;4.31;5.84;5.83;0.46;2.65;6.8;1.64;1.64;1.45;1.6;0.97;1.87;1.5;1.31;1.33;2.91;1.24;1.39;1.06;2.53;0.47;1.67;0.81;4.83;393.84;2.32;1.26;71.05;2.45;1.89;3.6;3.74;2.69;1;0.18
01.08.2010;7.52;9730.85;0.14;4428.72;1.19;4.75;2.53;7.83;1.24;5.18;30.62;1.22;0.08;7088.97;5018.38;9082.61;17123.36;20877.59;3391.71;3537.07;370.65;70.23;61.04;5.4;1994.77;3.42;3363621.68;165150.61;175.63;2664392.18;38.06;1434.67;148799.64;39.24;45.16;46.81;3.49;3.95;6.39;7.01;7.55;0.77;1.24;2.04;3.84;4.51;4.92;26.78;18.04;10.16;11.67;3.34;4.7;5.61;5.45;0.36;2.7;7.08;1.43;1.43;1.43;1.65;0.98;1.87;1.43;1.36;1.38;3.01;1.27;1.38;1.12;2.54;0.44;1.64;0.81;5.02;396.45;2.31;1.26;72.36;2.51;1.9;3.6;4.07;2.7;1;0.19
01.09.2010;6.53;9820.64;0.16;4489.87;1.23;4.67;2.56;6.99;1.25;5.21;30.94;1.23;0.07;7273.04;5087.55;9296.95;17613.24;21160.73;3445.35;3710.88;371.75;70.44;61.03;5.22;1933.93;3.39;3181454.33;156939.13;165.85;2669960.67;37.98;1465.25;150687.5;39.69;45.78;47.21;3.46;3.91;6.39;7.06;7.73;0.85;1.31;2.09;3.92;4.67;5.24;26.31;18.08;9.83;11.29;3.34;4.7;5.28;5;0.43;2.75;7.12;1.5;1.5;1.45;1.63;0.97;1.85;1.5;1.36;1.4;3.12;1.29;1.42;1.18;2.54;0.48;1.68;0.81;4.98;398.09;2.29;1.27;78.93;2.57;1.91;3.61;3.91;2.72;1;0.19
01.10.2010;8.82;9902.45;0.16;4566.69;1.26;4.67;2.58;5.85;1.29;4.47;30.85;1.26;0.07;7238.42;5175.3;9515.97;17934.89;21555.2;3507.38;3682.02;367.15;70.39;61.08;5.18;1860.81;3.4;2836017.55;132040.18;157.4;2677482.33;38.1;1538.22;161327.46;42.33;46.06;47.84;3.49;3.91;6.41;7.19;7.66;0.81;1.22;1.93;3.66;4.44;4.96;25.86;18.22;9.05;11.25;3.16;4.63;4.94;4.95;0.5;2.56;6.65;1.25;1.25;1.46;1.65;0.99;1.92;1.48;1.37;1.37;3.25;1.38;1.42;1.21;2.65;0.5;1.73;0.82;4.86;406.56;2.31;1.28;85.66;2.58;1.92;3.63;4.24;2.8;1;0.19
01.11.2010;7.7;10079.98;0.18;4661.29;1.26;4.81;2.6;5.68;1.28;4.09;31.02;1.25;0.07;7245.78;5289.38;9798.84;18353.12;22029.9;3576.07;3659.34;359.89;70.46;60.93;4.9;1813.04;3.4;3040317.74;140862.27;150.58;2676531.02;38.08;1570.1;167765.14;42.06;46.52;49.34;3.64;4.07;6.48;7.3;7.82;0.83;1.24;1.92;3.55;4.25;4.73;26.17;17.79;9.01;11.01;3.02;4.6;4.88;4.71;0.52;2.76;6.24;1.56;1.56;1.46;1.63;0.98;2;1.44;1.35;1.39;3.27;1.36;1.46;1.19;2.64;0.52;1.77;0.78;4.92;406.9;2.33;1.28;88.87;2.61;1.93;3.64;4.78;2.87;1;0.19
01.12.2010;7.92;10291.71;0.16;4716.24;1.31;4.95;2.62;6.22;1.29;4.2;30.15;1.26;0.07;7185.18;5390.05;10013.37;18672.21;22490.65;3655.52;3592.85;350.24;69.97;60.79;5.24;1784.54;3.45;3018896.83;146657.41;145.46;2664881.29;38.05;1647.82;180779.69;40.18;45.34;47.51;3.75;4.19;6.73;7.43;7.92;1.28;1.69;2.37;3.93;4.55;5.04;25.19;17.06;8.73;10.36;2.94;4.5;4.64;4.62;0.34;2.83;6.34;1.98;1.98;1.46;1.62;1.02;2.08;1.48;1.42;1.44;3.37;1.33;1.46;1.21;2.76;0.47;1.9;0.84;5.03;394.65;2.33;1.28;96.33;2.65;1.94;3.66;4.77;2.93;1;0.18
01.01.2011;6.35;10469.07;0.16;4773.75;1.32;5.06;2.67;5.77;1.32;4.3;29.35;1.26;0.07;7325.76;5467.7;10168.39;18929.41;22781.58;3759.3;3597.33;340.55;70.33;61.24;5.2;1751.78;3.39;2873647.81;126832.05;141.77;2671975.95;37.78;1677.4;184818.08;39.76;44.45;47.12;3.67;4.19;6.97;7.6;7.89;1.21;1.71;2.53;4.26;4.83;5.15;26.54;17.17;8.56;10.81;2.84;4.48;4.26;5.36;0.38;2.45;5.77;2.01;2.01;1.47;1.62;1.02;2.01;1.53;1.37;1.48;3.56;1.33;1.48;1.25;2.63;0.51;1.72;0.83;4.89;407.4;2.35;1.29;99.93;2.7;1.96;3.69;5.04;2.97;1;0.17
01.02.2011;7.07;10740.59;0.11;4847.4;1.3;5.03;2.68;5.9;1.3;4.53;28.86;1.27;0.07;7547.76;5584.12;10312.66;19185.24;22979.06;3848.17;3518.26;329.2;70.66;61.35;5.18;1722.05;3.39;2902124.27;129135.78;138.87;2680319.57;38.02;1753.03;195289.77;39.75;44;47.28;3.59;4.13;6.92;7.61;8.02;0.91;1.45;2.33;4.17;4.78;5.16;24.76;17.28;8.67;9.75;2.94;4.37;4.32;5.42;0.32;2.57;7.15;2.23;2.23;1.47;1.64;1.01;1.99;1.56;1.37;1.5;3.27;1.32;1.48;1.11;2.68;0.5;1.78;0.83;5.01;411.29;2.37;1.28;105.96;2.72;1.96;3.72;5.25;3.01;1;0.16
01.03.2011;8.07;10972.93;0.08;4929.41;1.34;4.92;2.7;6.05;1.28;4.7;28.3;1.26;0.07;7536.87;5685.04;10515.15;19490.43;23393.12;3943.85;3542.71;327.35;70.58;61.29;4.92;1707.21;3.42;2594392.25;124798.86;136.28;2684312.69;37.96;1752.45;192430.14;39.42;43.58;46.91;3.55;4.03;6.95;7.66;7.94;0.57;1.09;1.94;3.82;4.53;5.02;23.64;17.37;8.54;10.46;2.95;4.35;4.23;5.44;0.26;2.83;6.75;2.01;2.01;1.48;1.64;1.05;2.03;1.55;1.36;1.46;3.29;1.32;1.48;1.07;2.78;0.51;1.72;0.83;5.05;400.27;2.38;1.29;113.16;2.73;1.97;3.75;5.18;3.02;1;0.14
01.04.2011;7.3;11163.99;0.06;5002.69;1.38;4.84;2.71;4.08;1.32;4.04;28.41;1.28;0.07;7577.11;5778.41;10532.17;19756.19;23618.99;4049.98;3505.06;321.01;70.29;61.25;5.05;1686.9;3.41;2799628.26;128222.38;130.83;2673093.42;37.99;1691.25;192051.41;40.97;43.58;46.74;3.47;4.04;6.85;7.67;8.16;0.02;0.5;1.34;3.36;4.24;4.88;23.36;17.25;8.46;10.33;2.51;4.31;4.11;5.49;0.3;2.79;6.96;2.07;2.07;1.48;1.66;1;1.99;1.51;1.44;1.47;3.31;1.32;1.46;1.2;2.77;0.5;1.85;0.82;5.06;410.88;2.41;1.3;119.15;2.74;1.98;3.77;5.33;3.03;1.15;0.1
01.05.2011;7.25;11386.62;0.04;5058.72;1.37;4.9;2.72;4.5;1.34;3.65;28.22;1.29;0.07;7355.88;5846;10599.53;20011.63;23823.92;4163.24;3632.94;318.74;70.84;61.38;4.93;1654.94;3.45;2658862.05;118828.99;128.64;2691177.34;38.1;1690.97;191248.63;40.78;43.54;46.4;3.74;4.17;6.84;7.65;8.15;-0.23;0.24;1.07;3.05;3.89;4.48;22.63;17.06;8.1;10.37;2.75;4.63;4.24;5.52;0.22;3.17;7.03;1.78;1.78;1.48;1.66;0.98;1.97;1.52;1.44;1.47;3.35;1.33;1.47;1.24;2.91;0.52;1.76;0.82;5.06;416.48;2.42;1.31;112.72;2.74;2;3.79;5.51;3.07;1.25;0.09
01.06.2011;7.15;11552.03;0.04;5099.5;1.39;5.04;2.73;5.26;1.35;4.66;28.18;1.29;0.07;7313.78;5926.37;10640.32;20185.04;24111.03;4275.2;3667.54;310.08;70.91;61.3;4.82;1621.57;3.46;2481478.35;108893.43;122.67;2697983.24;38.18;1728.74;187744.57;40.79;43.12;45.49;4.01;4.4;6.67;7.53;8.32;0.18;0.56;1.22;3.02;3.92;4.65;22.57;17.23;8.56;10.44;2.81;4.69;4.26;6.02;0.31;3.29;7.24;1.45;1.45;1.48;1.65;1;1.91;1.52;1.44;1.48;3.19;1.34;1.49;1.44;2.87;0.52;1.8;0.82;5.25;418.4;2.44;1.3;111.75;2.74;2.01;3.82;5.27;3.05;1.25;0.09
01.07.2011;7.63;11778.42;0.03;5165.47;1.42;4.96;2.74;4.8;1.34;4.13;28.19;1.29;0.07;7241.64;5997.39;10781.6;20528.44;24369.21;4406.04;3698.11;309.61;71;61.62;5.11;1591.79;3.51;2501709.41;109506.48;118.9;2701961.41;38.08;1732.34;192549.74;40.36;43.66;45.12;4.13;4.44;6.58;7.47;8.3;-0.03;0.31;0.93;2.65;3.6;4.33;22.86;17.31;8.06;10.51;2.74;4.39;4.17;6.05;0.7;3.51;6.79;1.47;1.47;1.49;1.69;0.99;1.99;1.51;1.44;1.47;3.15;1.35;1.48;1.3;2.91;0.51;1.77;0.83;5.29;415.4;2.46;1.29;114.11;2.74;2.02;3.84;4.78;3.07;1.4;0.07
01.08.2011;7.1;11974.06;0.02;5264.21;1.42;5.36;2.74;5.03;1.33;4.04;28.97;1.29;0.07;7190.84;6117.6;10987.7;20913.21;24718.09;4525.25;3919.7;315.61;71.01;61.54;4.85;1561.86;3.55;2320509.57;97666.76;115.51;2701464.95;38.08;1615.22;173110.04;41.35;45.27;46.65;4.35;4.72;6.85;7.57;8.16;0.24;0.63;1.28;2.93;3.71;4.17;22.73;17.24;8.08;10.21;2.71;4.3;4.2;6.22;0.68;3.7;6.53;1.01;1.01;1.48;1.67;0.94;1.96;1.53;1.42;1.5;3.2;1.37;1.49;1.26;2.76;0.57;1.75;0.83;5.33;406.54;2.5;1.3;106.66;2.73;2.03;3.86;5.21;3.1;1.5;0.1
01.09.2011;7.01;12247.58;0.02;5350.17;1.36;5.84;2.75;4.89;1.34;4.37;30.75;1.29;0.07;7256.5;6224.64;11192.64;21272.96;25165.62;4669.33;4359.47;345.12;71.29;61.74;4.85;1526.13;3.58;2344819.26;89057.83;110.75;2725437.4;38.21;1387.05;134581.76;41.89;48.07;47.78;4.98;5.28;7.16;7.77;8.26;0.55;0.88;1.44;2.89;3.57;3.92;22.95;17.05;8.16;10.4;2.64;4.43;4.19;6.14;0.31;4.21;6.82;0.98;0.98;1.48;1.69;1.01;1.98;1.56;1.44;1.5;3.21;1.39;1.47;1.25;2.8;0.56;1.68;0.83;5.46;399.61;2.51;1.3;111.3;2.73;2.04;3.88;5.36;3.12;1.5;0.08
01.10.2011;7.39;12561.58;0.02;5456.05;1.33;6.49;2.76;4.27;1.35;4.26;31.96;1.3;0.07;7501.91;6352.92;11475.85;21797.59;26002.33;4794.94;4175.5;315.37;70.95;61.46;4.78;1491.72;3.61;2248382.16;94766.54;107.17;2703919.85;38.12;1507.86;154378.22;43.14;49.86;49.39;4.72;5.39;8.1;8.48;8.6;-0.16;0.52;1.51;3.14;3.51;3.64;24.02;17.22;8.68;9.94;2.89;4.55;4.43;6.5;0.4;4.83;7.07;1.15;1.15;1.47;1.71;0.98;1.97;1.59;1.43;1.49;3.26;1.4;1.48;1.25;2.94;0.54;1.76;0.82;5.51;406.27;2.53;1.3;111.3;2.74;2.05;3.91;5.57;3.16;1.5;0.07
01.11.2011;7.9;12977.62;0.02;5506.45;1.34;6.14;2.77;5.8;1.33;5.4;30.71;1.29;0.07;7538.31;6444.67;11517.54;21970.97;26868.82;4955.24;4282.4;313.75;71.15;61.61;4.66;1458.48;3.64;2076708.95;90420.31;103.77;2709618.58;38.08;1504.59;157245.05;41.57;48.11;48.53;4.78;5.3;7.74;8.31;8.57;-0.05;0.48;1.3;2.84;3.3;3.47;24.6;17.22;8.76;10.36;3.01;4.54;5.35;6.95;0.49;5.01;7.84;1.1;1.1;1.48;1.72;1;1.96;1.64;1.41;1.52;3.32;1.39;1.47;1.17;2.91;0.54;1.79;0.83;5.41;412.91;2.53;1.31;113.29;2.75;2.06;3.93;5.89;3.17;1.32;0.08
01.12.2011;7.88;13149.66;0.01;5575.64;1.34;6.18;2.78;5.62;1.37;5.48;30.7;1.31;0.06;7672.87;6523.55;11672.86;22402.53;26660.39;5150.28;4342.24;316.1;71.33;61.53;4.46;1435.83;3.82;2242968.35;92511.94;99.94;2731794.79;38.23;1365.05;142635.31;40.74;48.6;48.14;5.13;5.54;7.69;8.24;8.51;0.17;0.54;1.12;2.39;2.86;3.1;25;17.52;8.93;11.37;2.93;4.67;5.44;7.16;0.49;5.15;7.86;0.91;0.91;1.48;1.77;1.03;2.03;1.68;1.46;1.55;3.29;1.45;1.52;1.3;2.91;0.56;1.77;0.81;5.5;412.23;2.55;1.32;111.85;2.76;2.07;3.96;6;3.17;1.1;0.07
01.01.2012;7.14;13339.82;0.04;5621.39;1.35;6.23;2.78;6.85;1.4;5.27;30.61;1.31;0.06;7745.97;6621.23;11937.02;22917.16;27214.97;5312.94;4144.06;294.7;71.22;61.55;4.43;1417.62;3.73;2017564.65;85499.8;96;2708042.4;37.91;1456.09;156225.93;39.7;48.47;47.8;5.48;5.76;7.59;8.17;8.58;0.89;1.13;1.57;2.74;3.25;3.72;24.75;17.38;8.8;10.44;2.95;4.63;5.48;7.24;0.5;4.67;8;0.8;0.8;1.49;1.75;0.94;1.89;1.67;1.43;1.49;3.39;1.47;1.54;1.45;2.97;0.58;1.8;0.82;5.41;426.45;2.54;1.32;113.92;2.75;2.08;3.97;6.09;3.15;1;0.08
01.02.2012;7.56;13479.52;0.07;5698.28;1.31;6.22;2.79;6.03;1.36;5.47;29.43;1.31;0.06;7910.35;6719.12;12068.22;23185.03;27420.25;5498.19;4054.82;279.87;71.08;61.41;4.41;1390.39;3.67;1730370.54;72506.4;91.63;2709128.14;38.14;1559.2;158838.52;39.08;46.8;47.01;5.78;5.96;7.04;7.57;8.15;1.43;1.59;1.88;2.65;3.12;3.7;24.12;17.6;8.86;10.91;2.84;4.58;5.21;7.48;0.54;4.33;7.62;0.8;0.8;1.53;1.7;1.02;1.89;1.67;1.44;1.52;3.37;1.45;1.56;1.29;2.94;0.59;1.77;0.89;5.13;416.65;2.58;1.33;120.61;2.76;2.09;3.99;6.27;3.13;1;0.1
01.03.2012;7.77;13689.34;0.07;5747.15;1.31;6.23;2.8;5.51;1.37;5.21;28.98;1.31;0.06;7849.63;6794.87;12109.57;23437.64;27636.53;5696.93;4166.46;283.84;70.79;61.4;4.45;1365;3.74;1948449.52;83156.42;90.28;2708924.63;38.23;1475.75;159921.23;38.67;46.49;46.98;5.85;5.97;7.09;7.51;7.83;0.77;0.91;1.17;1.94;2.38;2.93;24.49;17.87;9.03;11.26;2.85;4.62;5.34;7.6;0.51;4.78;7.58;0.91;0.91;1.48;1.72;1.02;1.92;1.62;1.42;1.55;3.59;1.49;1.55;1.37;2.78;0.56;1.79;0.84;5.4;421.28;2.57;1.34;123.68;2.77;2.09;4;6.54;3.13;1;0.13
01.04.2012;7.3;13996.77;0.09;5794.91;1.31;6.67;2.81;3.86;1.4;6.1;29.88;1.32;0.06;7827.07;6851.94;12241.3;23679.02;28075.45;5899.72;4228.98;280.7;71.51;61.69;4.05;1334.9;3.77;1910952.77;79761.64;86.95;2731462.88;38.24;1446.9;146386.89;38.98;47.57;47.82;6.36;6.49;7.37;7.8;8.2;0.78;0.88;1.08;1.77;2.25;2.83;24.58;18.32;9.03;10.86;3.06;4.7;5.52;7.5;0.52;4.9;7.9;0.79;0.79;1.48;1.71;1.01;1.89;1.63;1.45;1.57;3.66;1.5;1.56;1.25;3.09;0.54;1.77;0.8;5.55;420.98;2.59;1.34;117.81;2.77;2.1;4.02;6.38;3.16;1;0.14
01.05.2012;7.67;14134.32;0.09;5821.01;1.36;6.72;2.82;4.5;1.39;5.97;31.23;1.32;0.06;7805.97;6873.07;12250.38;23889.99;28387.12;6111.01;4569.18;297.76;72.08;62.15;4.22;1310.19;3.84;1935686.37;76614.14;87.05;2742311.81;38.18;1344.09;124105.68;40.27;49.4;49.91;6.49;6.54;7.44;7.93;8.41;0.45;0.56;0.77;1.53;2.04;2.66;24.72;18.41;8.96;11.39;2.91;4.12;5.34;7.43;0.65;5.25;7.66;0.75;0.75;1.48;1.73;0.99;1.93;1.67;1.42;1.6;3.69;1.54;1.57;1.17;3.04;0.63;1.79;0.83;5.62;417.72;2.61;1.35;109.6;2.78;2.11;4.04;5.9;3.17;1;0.16
01.06.2012;8.08;14312.98;0.1;5885.8;1.31;7.02;2.85;5.25;1.39;5.84;33.31;1.32;0.06;7828.89;6957.34;12311.71;24081.65;28905.99;6310.41;4647.34;299.6;71.87;62.04;4.24;1289.41;3.8;2014541.59;77855.05;85.76;2733733.75;38.12;1440.44;139435.46;41.87;51.77;51.4;6.52;6.72;7.63;8.09;8.82;0.75;0.9;1.16;1.94;2.45;3.04;24.81;18.53;9.31;11.05;2.95;4.35;5.48;7.55;0.53;5.5;8.16;0.65;0.65;1.48;1.76;1;1.95;1.61;1.45;1.54;3.75;1.51;1.53;1.24;3.04;0.56;1.78;0.83;5.57;420.61;2.63;1.36;94.21;2.84;2.12;4.04;5.81;3.18;1;0.16
01.07.2012;7.69;14574.69;0.09;5977.86;1.32;6.73;2.89;5.8;1.41;5.68;32.94;1.34;0.06;8012.14;7069.48;12398.59;24307.26;29199.42;6471.81;4564.33;282.21;71.72;61.86;4.14;1266.46;3.8;2110283.7;76911.87;83.21;2717105.16;37.88;1432.57;137296.58;40.6;51.32;51.28;6.34;6.48;7.5;7.89;8.43;0.42;0.6;0.91;1.78;2.22;2.69;24.94;18.99;9.62;11.07;3.1;4.68;5.43;7.53;0.49;5.56;8.69;0.58;0.58;1.51;1.71;0.99;1.89;1.66;1.43;1.59;3.84;1.51;1.57;1.43;2.99;0.6;1.82;0.83;5.55;419.97;2.62;1.34;101.26;2.89;2.13;4.07;5.2;3.2;0.83;0.16
01.08.2012;8.47;14810.17;0.1;5940.17;1.3;6.47;2.9;4.88;1.43;6.15;32.13;1.35;0.06;8282.23;7067.78;12408.32;24396.57;29297.38;6676.83;4551.25;272.95;71.72;61.8;3.99;1254.46;3.78;2144256.19;79580.98;82.68;2735273.5;38.19;1477.34;142828.54;39.69;50.51;50.08;5.91;6.12;7.23;7.58;8.13;0.33;0.56;0.97;1.95;2.33;2.76;25.07;19.25;9.32;10.46;3.01;4.59;5.39;7.77;0.58;5.47;8.46;0.72;0.72;1.49;1.75;1.01;1.94;1.68;1.55;1.56;3.84;1.51;1.58;1.23;3.15;0.62;1.87;0.83;5.67;424.57;2.63;1.32;110.87;2.91;2.14;4.09;6.08;3.23;0.75;0.13
01.09.2012;8.64;14988.47;0.12;5969.27;1.3;6.36;2.93;4.74;1.41;5.85;31.72;1.33;0.06;8239.72;7106.69;12281.83;24499.78;29526.81;6863;4460.4;262.53;71.66;61.84;3.97;1242.73;3.8;2170850.27;82678.41;82.5;2733089.65;38.08;1479.5;145963.67;40.23;50.08;50.21;5.97;6.1;7.06;7.4;8.01;0.33;0.51;0.84;1.67;2.04;2.51;24.71;19.66;9.13;11.07;3.06;4.48;5.7;7.74;0.53;5.39;7.93;0.74;0.74;1.48;1.76;1.03;1.97;1.65;1.46;1.54;3.82;1.52;1.55;1.23;3.17;0.57;1.91;0.82;5.7;423.92;2.65;1.35;112.96;2.93;2.15;4.1;7.18;3.27;0.75;0.14
01.10.2012;7.97;15185.05;0.13;5993.17;1.29;6.51;2.94;5.59;1.4;5.59;31.78;1.33;0.05;8154.55;7166.67;12482.51;24801.15;29822.11;7051.36;4459.84;261.04;71.58;61.69;3.92;1231.64;3.84;2120454.3;76247.04;81.56;2733941.36;38.17;1426.33;141555.34;40.63;50.14;50.49;6.1;6.2;6.91;7.16;7.86;0.01;0.14;0.38;0.8;1.04;1.71;24.36;19.91;9.18;11.61;3.03;4.42;5.81;8.04;0.4;5.76;8.66;0.8;0.8;1.48;1.75;1.03;1.97;1.65;1.47;1.59;3.72;1.53;1.57;1.15;3;0.61;1.87;0.81;5.55;410.71;2.65;1.35;112.68;2.95;2.16;4.12;6.68;3.28;0.75;0.16
01.11.2012;8.17;15299.43;0.1;6019.89;1.28;6.32;2.95;4.67;1.42;4.95;31.25;1.34;0.05;8324.05;7190.66;12617.42;25139.91;30284.27;7237.55;4295.39;249.54;71.65;61.81;3.87;1225.05;3.89;2252229.98;74949.49;80.42;2739881.41;38.23;1404.41;148931.59;40.1;49.77;50.01;5.99;6.09;6.64;6.9;7.6;0.08;0.2;0.39;0.66;0.86;1.43;23.81;20.06;9.06;12.29;2.92;4.37;5.83;8.19;0.34;5.77;8.54;0.79;0.79;1.48;1.76;1.04;2.04;1.63;1.57;1.56;3.8;1.51;1.56;1.28;3.08;0.56;1.77;0.81;5.53;418.32;2.66;1.37;111.62;2.95;2.17;4.13;6.58;3.27;0.75;0.16
01.12.2012;8;15519.37;0.07;6066.29;1.28;6;2.96;5.66;1.41;5.14;29.83;1.34;0.05;8428.87;7275.93;12624.93;25265.99;30291.27;7407.65;4222.68;238.04;71.67;61.7;3.76;1214.48;4.04;1992726.19;72087.08;77.27;2741127.38;38.09;1436.99;154403;39.44;48.59;48.25;5.72;5.85;6.33;6.54;7.04;-0.02;0.03;0.13;0.27;0.41;0.86;23.96;20.16;9;11.82;2.89;4.13;5.82;8.22;0.38;5.87;8.24;0.67;0.67;1.48;1.82;1.02;2;1.6;1.64;1.52;3.64;1.47;1.52;1.26;2.95;0.6;1.7;0.88;5.57;421.1;2.66;1.37;113.32;2.96;2.18;4.15;6.47;3.25;0.75;0.16
01.01.2013;4.6;15599.91;0.08;6102.61;1.29;5.81;2.98;3.51;1.37;4.79;29.58;1.29;0.06;8863.56;7382.21;12828.32;25771.5;30743.37;7585;4180;233.04;71.78;61.82;4.23;1202.45;3.93;2361278.5;79529.87;73.08;2745388.83;38.23;1486.71;160232.21;39.49;47.82;47.29;5.62;5.71;6.09;6.32;6.83;0.39;0.45;0.54;0.64;0.84;1.45;23.31;20.48;6.05;6.88;2.46;4.14;5.79;8.24;0.33;5.24;8.81;0.75;0.75;1.49;1.73;1.05;1.85;1.54;1.43;1.55;3.84;1.44;1.52;1.26;3;0.59;1.8;0.83;5.77;418.36;2.65;1.37;115.62;2.98;2.18;4.15;6.46;3.25;0.75;0.14
01.02.2013;4.08;15746.56;0.08;6119.94;1.33;5.7;2.99;3.12;1.39;4.91;29.61;1.32;0.06;8399.69;7368.64;12972.39;26174.72;31032.62;7767.04;4333.46;237.75;71.91;61.89;4.07;1183.33;3.96;2306142.22;81996.85;67.39;2733054.63;38.04;1445.49;150809.44;39.76;47.74;46.23;5.43;5.56;5.95;6.22;6.98;-0.26;-0.13;0.07;0.29;0.53;1.33;24.48;20.31;5.97;6.83;2.81;4.19;6.11;8.07;0.46;5.33;8.68;0.82;0.82;1.49;1.74;1.02;1.98;1.52;1.47;1.53;3.89;1.5;1.56;1.32;3.02;0.57;1.7;0.81;5.66;420.17;2.66;1.38;117.44;2.99;2.19;4.16;6.52;3.24;0.75;0.15
01.03.2013;4.11;15830.95;0.07;6180.5;1.34;5.75;3;3.59;1.38;3.52;30.15;1.33;0.06;8584.34;7437.94;13068.04;26628.37;31750.5;7945.27;4504.3;244.7;71.69;61.75;4.08;1162.67;3.98;2475678.82;77019.85;67.35;2727669.87;38.07;1412.89;140858.14;39.91;49.31;46.61;5.56;5.66;6.02;6.35;7.01;-0.45;-0.38;-0.26;0;0.34;1.21;24.87;20.18;5.9;6.8;2.8;4.13;6.13;8.09;0.55;5.53;8.74;0.72;0.72;1.5;1.74;1.03;1.98;1.58;1.45;1.56;3.91;1.47;1.55;1.24;3;0.57;1.73;0.84;5.75;419.81;2.68;1.36;108.91;2.99;2.2;4.16;6.37;3.23;0.75;0.14
01.04.2013;5.1;15923.71;0.06;6281.99;1.31;5.8;3.01;3.59;1.39;3.63;31.84;1.33;0.06;8657.15;7555.66;13414.21;27101.87;32551.13;8171.25;4795.66;252.78;71.6;61.73;4.09;1149.32;4.05;2501855.3;76310.13;62.89;2725787.15;38.13;1370.26;133724.14;40.82;51.84;48.5;5.62;5.65;6.1;6.39;7.02;-0.67;-0.61;-0.51;-0.31;0.01;0.8;25.33;19.99;6.12;7.01;2.75;4.02;6.03;8.14;0.51;5.59;7.59;0.62;0.62;1.5;1.75;1.01;1.8;1.59;1.42;1.6;3.91;1.48;1.56;1.28;2.91;0.57;1.76;0.84;5.65;422.64;2.7;1.37;101.27;3.01;2.21;4.17;5.89;3.22;0.75;0.15
01.05.2013;3.39;16060.81;0.05;6349.57;1.44;5.94;3.03;4.09;1.38;3.5;31.84;1.32;0.06;8909.28;7694.17;13361.1;27323.78;33107.3;8380.97;4841.33;251.81;71.46;61.53;4.1;1135.91;4.03;2305824.55;73752.2;64.5;2714235.27;38.11;1381.78;128758.25;41.46;51.74;48.52;5.86;5.88;6.11;6.36;6.85;-0.63;-0.61;-0.56;-0.37;-0.12;0.49;24.83;19.86;6.55;7.02;2.6;3.73;5.83;8.16;0.48;5.61;8.24;0.85;0.85;1.51;1.72;0.92;1.71;1.58;1.5;1.6;3.91;1.44;1.56;1.24;2.89;0.55;1.57;0.83;5.78;422.61;2.71;1.37;102.11;3.04;2.22;4.17;5.91;3.21;0.56;0.11
01.06.2013;4;16243.31;0.05;6388.92;1.52;6.21;3.05;3.74;1.44;5.07;32.99;1.35;0.06;8945.66;7695.34;13490.4;27635.75;33395.25;8582.36;5033.63;262.88;70.94;61.34;4.3;1136.17;4.04;2578560.73;80575.73;66.18;2677680.13;37.76;1382.91;126041.11;43.48;52.81;50.55;5.94;6.06;6.4;6.84;7.85;-0.27;-0.22;-0.14;0.16;0.63;1.46;24.83;19.39;6.65;7.56;2.74;3.61;5.67;7.95;0.54;5.66;7.68;1.17;1.17;1.51;1.73;1.08;1.91;1.58;1.58;1.63;3.99;1.49;1.59;1.2;3.21;0.6;1.7;0.82;5.65;418.66;2.73;1.38;101.36;3.07;2.22;4.19;6.15;3.22;0.5;0.09
01.07.2013;4.3;16458.42;0.03;6446.13;1.46;6.17;3.08;3.58;1.41;3.42;33.35;1.34;0.06;8999.52;7759.94;13818.38;28094.97;34252.5;8779.49;5103.66;258.66;71.05;61.39;4.14;1126.37;4.05;2479189.21;75919.35;69.02;2713156.87;38.13;1409.14;131777.15;43.58;53.27;50.78;5.99;6.06;6.39;6.73;7.72;-0.3;-0.21;-0.08;0.2;0.57;1.49;24.28;19.26;7.32;7.72;2.83;3.8;5.54;7.86;0.47;5.74;7.92;1.39;1.39;1.51;1.73;1.09;1.87;1.5;1.58;1.74;3.95;1.5;1.57;1.19;2.81;0.6;1.73;0.81;5.88;419.91;2.73;1.38;105.88;3.09;2.23;4.2;6.29;3.24;0.5;0.09
01.08.2013;4.03;16655.41;0.04;6444.98;1.45;6.16;3.09;3.14;1.43;3.05;33.17;1.34;0.06;8940.72;7765.92;14026.5;28522.61;34649.63;8965.27;5086.48;255.7;71.35;61.65;4.18;1115.45;4.08;2650244;83006.21;67.62;2716696.68;38.08;1405.06;134792.03;44.09;54.08;51.35;6.1;6.14;6.23;6.62;7.71;-0.24;-0.19;-0.11;0.18;0.59;1.57;23.62;18.87;8.15;8.36;2.65;3.8;5.51;7.74;0.45;5.85;8.15;1.53;1.53;1.51;1.74;1.15;1.89;1.56;1.53;1.67;3.98;1.5;1.57;1.19;2.91;0.7;1.74;0.81;5.64;426.09;2.73;1.38;109.11;3.11;2.24;4.21;6.64;3.28;0.5;0.08
01.09.2013;4.54;16855.84;0.02;6477.57;1.48;6.11;3.11;3.48;1.42;2.53;32.84;1.35;0.06;9037.63;7793.58;13942.42;28703.86;34968.4;9098.39;5117.09;250.58;71.16;61.49;4.15;1106.36;4.07;3070821.83;90291.8;67.62;2716968.53;38.13;1483.64;141549.56;43.24;53.62;51.14;6.09;6.09;6.43;6.78;7.66;-0.34;-0.28;-0.17;0.26;0.63;1.39;24.17;18.68;8.18;8.59;2.48;3.85;5.58;7.83;0.44;5.83;7.97;1.64;1.64;1.5;1.76;1.08;1.86;1.56;1.54;1.58;3.91;1.47;1.57;1.22;2.94;0.6;1.69;0.82;5.6;428.65;2.74;1.39;110.32;3.12;2.25;4.23;7.02;3.3;0.5;0.08
01.10.2013;4.93;17059.55;0.06;6428.66;1.45;6.09;3.12;3.4;1.4;3.72;32.88;1.34;0.06;9164.45;7789.27;14027.35;28768.4;34976.92;9285.97;5146.15;244.61;71.4;61.76;4.1;1096.85;4.08;2785667.85;87409.92;67.66;2720767.57;38.08;1509.14;146821.22;44.23;52.8;52.69;5.94;5.95;6.49;6.85;7.61;-0.22;-0.14;0;0.43;0.78;1.49;23.89;18.11;8.27;8.91;2.32;3.54;5.04;7.69;0.44;5.62;7.87;1.47;1.47;1.5;1.76;0.99;1.9;1.56;1.55;1.65;3.85;1.46;1.56;1.24;2.91;0.59;1.74;0.81;5.64;432.98;2.74;1.39;109.26;3.15;2.26;4.23;6.74;3.29;0.5;0.09
01.11.2013;4.21;17214.74;0.07;6501.01;1.45;6;3.14;3.14;1.48;3.46;32.52;1.37;0.06;9214.44;7849.12;14165.62;29064.94;35150.61;9442.36;5191.89;240.07;71.42;61.69;4.07;1087.82;4.11;2790950.9;82485.53;66.41;2724553.02;38.15;1469.74;143283.38;43.99;52.86;52.58;5.9;5.9;6.52;6.93;7.79;-0.19;-0.15;-0.05;0.46;0.84;1.55;23.73;18;8.42;8.82;2.07;3.26;4.86;7.35;0.61;5.61;7.75;1.43;1.43;1.5;1.82;1.07;1.77;1.62;1.74;1.79;3.84;1.47;1.54;1.28;3.24;0.63;1.71;0.76;5.64;423.76;2.77;1.39;109.57;3.17;2.27;4.25;6.54;3.29;0.35;0.08
01.12.2013;4.67;17120;0.07;6654.98;1.41;5.99;3.15;3.03;1.42;2.25;31.72;1.34;0.06;9268.06;8000.11;14421.31;29464.17;35559.11;9630.3;5169.54;231.33;71.01;61.44;4.14;1077.18;4.17;2492492.26;74137.27;66.39;2716076.19;38.11;1462.9;149094.22;44;53.75;52.02;5.73;5.83;6.7;7.22;7.98;-0.31;-0.27;-0.16;0.42;0.89;1.6;23.69;17.81;8.67;9.39;2.21;2.88;4.87;7.19;0.36;5.73;8.01;1.52;1.52;1.51;1.83;1.12;1.77;1.56;1.65;1.71;3.88;1.43;1.49;1.15;3.03;0.59;1.8;0.8;5.54;428.8;2.75;1.38;114.27;3.18;2.27;4.25;6.91;3.31;0.25;0.09
01.01.2014;6.54;17364.54;0.05;6652.84;1.3;6.04;3.16;2.84;1.38;3.03;32.98;1.29;0.06;9527.18;7988.31;14580.39;29646.15;35668.66;9748.53;5460.79;243.85;71.41;61.73;4.01;1059.15;4.16;2556313.19;75926.97;65.37;2725701.49;38.19;1395.42;129699.55;44.9;55.37;54.46;5.78;5.88;6.93;7.51;8.05;-0.12;-0.03;0.12;0.83;1.39;2.12;23.65;17.99;9.05;10.48;1.89;2.66;5;7.09;0.36;5.5;7.65;1.58;1.58;1.5;1.75;1.12;1.83;1.56;1.71;1.67;3.53;1.39;1.51;1.1;2.66;0.62;1.81;0.8;5.49;434.11;2.72;1.4;110.25;3.18;2.28;4.26;7.1;3.31;0.25;0.07
01.02.2014;6.41;17603.13;0.04;6713.02;1.34;6.32;3.17;3.18;1.44;1.1;34.47;1.35;0.06;9311.11;8025.88;14558.36;29695.89;36426.64;9917.98;5849.49;250.56;71.83;62.19;4;1050.64;4.17;2557157.23;71717.15;62.81;2745280.91;38.26;1402.98;125063.83;47.15;57.45;57.08;5.98;6.12;7.28;7.84;8.28;-0.02;0.12;0.37;1.3;1.84;2.37;22.7;17.81;9.36;10.52;1.72;2.77;5.05;7.16;0.27;5.48;7.89;1.48;1.48;1.5;1.74;1.13;2.06;1.78;1.74;1.75;3.93;1.46;1.56;1.17;2.87;0.66;1.88;0.82;5.53;425.62;2.77;1.41;110.19;3.2;2.29;4.27;6.73;3.33;0.25;0.07
01.03.2014;5.29;17930.74;0.04;6739.93;1.33;7.18;3.21;3.35;1.43;2.02;35.2;1.34;0.05;9287.23;8060.83;14831.34;30009.87;37236.94;10072.8;6033.63;249.07;71.7;61.98;3.85;1042.52;4.17;2470887.69;67928.63;59.74;2735011.36;38.2;1358.14;119525.61;49.17;58.26;59.78;6.36;6.59;8.47;8.83;8.87;-1.25;-0.95;-0.45;0.68;1.06;1.33;24.24;17.57;10.07;10.28;1.5;2.45;5.12;7.1;0.3;6.87;7.84;1.56;1.56;1.5;1.78;1.07;2.06;1.79;1.78;1.56;4.04;1.5;1.58;1.06;2.86;0.65;1.85;0.8;5.55;421.15;2.79;1.4;108.11;3.24;2.3;4.27;6.97;3.38;0.25;0.08
01.04.2014;5.09;18226.02;0.03;6723.86;1.32;7.65;3.24;3.29;1.44;3.25;36.26;1.36;0.05;9374.11;8085.53;14771.15;29416.51;37006.69;10235.94;6224.72;252.4;71.48;61.84;3.86;1040.62;4.19;2604217.77;67685.06;56.21;2722841.48;38.17;1292.19;104273.77;50.15;58.89;60.38;6.67;7.1;8.61;8.92;9.18;-1.3;-0.95;-0.42;0.51;0.86;1.32;21.44;17.53;10.5;10.84;1.78;3.13;5.12;7.47;0.34;6.99;8.67;1.64;1.64;1.52;1.8;1.1;2;1.7;1.75;1.6;4.18;1.53;1.64;1.11;2.78;0.69;1.73;0.81;5.58;423.77;2.78;1.41;107.15;3.28;2.32;4.27;6.87;3.4;0.25;0.09
01.05.2014;6.8;18471.39;0.04;6780.68;1.33;8.14;3.26;3.48;1.45;3.88;35.6;1.36;0.05;9535.57;8122.53;14869.39;29819.88;37480.84;10348.02;6142.31;238.13;71.46;61.77;3.85;1040.52;4.13;2718205.49;83414.78;55.04;2727767.93;38.26;1473.98;128609.51;49.06;56.69;59.55;7.18;7.59;8.8;9;9.06;-1.16;-0.76;-0.28;0.36;0.56;0.8;24.44;17.38;10.65;10.94;1.81;2.85;5.31;7.85;0.3;7.35;8.89;1.61;1.61;1.52;1.84;1.09;1.82;1.58;1.82;1.55;4.18;1.53;1.66;1.23;2.92;0.67;1.8;0.81;5.68;429.29;2.78;1.39;108.01;3.33;2.33;4.28;7.02;3.44;0.25;0.09
01.06.2014;6.59;18623.93;0.04;6809.88;1.32;7.98;3.29;4.34;1.44;3.44;35.46;1.36;0.05;9515.76;8140.05;14793.16;29894.48;37529.32;10472.16;6028.9;224.33;71.53;61.85;3.85;1040.41;4.14;2443417.25;70776.81;54;2721260.79;38.03;1532.84;131576.43;48.13;55.4;59.25;7.47;7.72;8.21;8.28;8.72;-0.66;-0.51;-0.32;0;0.1;0.31;24.32;17.56;10.7;11.58;1.95;3.13;5.45;7.83;0.35;7.46;8.97;1.66;1.66;1.52;1.82;1.01;1.82;1.56;1.76;1.62;4.28;1.52;1.58;1.2;2.95;0.67;1.67;0.81;5.75;430.33;2.77;1.39;109.56;3.37;2.34;4.29;7.06;3.46;0.18;0.1
01.07.2014;6.67;18741.87;0.02;6742.94;1.33;8.5;3.3;3.32;1.44;4.11;35.46;1.36;0.05;9661.52;8081.35;14767.51;29971.69;37386.29;10595.2;6263.78;227.64;71.51;61.86;3.84;1049.35;4.13;2252592.72;59790.04;52.96;2734817.83;38.23;1415.21;122534.68;47.82;55.2;60.93;7.98;8.21;8.77;8.85;9.1;-0.4;-0.16;0.12;0.47;0.57;0.72;23.55;17.47;10.86;12.04;1.76;3.11;5.66;7.99;0.43;7.64;8.69;1.69;1.69;1.52;1.82;1.06;1.78;1.52;1.73;1.6;4.26;1.52;1.6;1.12;3;0.77;1.78;0.81;5.81;417.72;2.78;1.4;105.08;3.39;2.35;4.3;7.07;3.49;0.15;0.09
01.08.2014;7.2;18818.31;0.03;6825.82;1.33;8.8;3.33;3.64;1.44;5.22;36.12;1.36;0.05;9709.78;8148.85;14798.3;30235.63;37675.07;10687.68;6383.37;226.27;71.38;61.8;3.86;1055.89;4.1;2548681.64;65697.15;53.7;2729895.08;38.25;1429.39;121302.78;47.95;58.36;60.75;8.24;8.49;9.33;9.44;9.55;0.06;0.31;0.72;1.56;1.69;1.64;23.84;17.54;10.81;11.86;1.91;3.29;5.76;8.1;0.41;7.65;9.45;1.65;1.65;1.52;1.83;0.97;1.73;1.5;1.74;1.58;4.18;1.51;1.57;1.19;3.08;0.67;1.74;0.81;5.79;421.88;2.78;1.41;100.51;3.43;2.37;4.3;7.03;3.51;0.15;0.09
01.09.2014;6.77;18961.37;0.02;6913.25;1.33;8.74;3.36;4.32;1.44;5.49;38.11;1.37;0.05;9664.02;8247.93;14855.18;30515.1;38059.14;10796.91;6892.45;238.51;71.32;61.86;3.84;1052.24;4.14;2461516.08;63941.99;54.88;2729887.04;38.19;1428.5;113493.04;48.6;62.01;61.27;8.35;8.51;9.43;9.56;9.62;0.1;0.34;0.73;1.57;1.71;1.62;23.97;17.78;10.87;12.33;1.73;3.35;5.96;8.07;0.8;7.61;9.29;1.82;1.82;1.53;1.82;0.94;1.85;1.48;1.76;1.61;4.25;1.5;1.56;1.13;2.91;0.67;1.86;0.81;5.65;419.84;2.79;1.41;95.72;3.48;2.37;4.3;6.62;3.54;0.08;0.09
01.10.2014;6.76;19157.91;0.02;6963.83;1.34;9;3.38;4.18;1.45;5.3;41.8;1.38;0.05;9957.6;8292.39;14958.83;30738.51;38607.04;10867.26;7551.76;254.89;71.88;62.27;3.9;1055.74;4.14;2420789.61;62284.52;56.66;2730348.89;38.01;1486.88;105709.85;52.43;66.54;67.31;8.53;8.65;9.8;9.92;9.89;0.04;0.3;0.72;1.57;1.69;1.56;24.08;17.82;10.97;12.55;2.08;3.72;5.95;8.3;1.01;7.76;8.33;1.64;1.64;1.53;1.83;0.96;1.67;1.47;1.75;1.67;4.38;1.48;1.56;1.11;3.08;0.65;1.69;0.82;5.59;421.31;2.8;1.41;86.48;3.51;2.39;4.3;6.65;3.57;0.05;0.09
01.11.2014;7.28;19426.16;0.02;6973.98;1.37;9.67;3.42;4.96;1.44;5.8;45.94;1.38;0.05;9882.05;8380.11;14736;30620.74;39570.42;10957.08;8371.4;270.63;71.6;62.1;3.88;1052.51;4.13;2347980.61;57027.24;58.97;2733698.26;38.15;1515.69;94162.86;57.55;74.59;72.91;9.37;9.45;10.21;10.25;10.23;-0.76;-0.61;-0.35;0.23;0.24;-0.02;24.28;17.96;11.97;12.97;2.3;3.87;6.13;8.45;0.78;9.24;9.95;1.62;1.62;1.54;1.82;0.96;1.71;1.53;1.73;1.66;4.42;1.48;1.55;1.09;2.82;0.62;1.73;0.81;5.67;421.14;2.82;1.41;79.52;3.57;2.4;4.31;6.5;3.63;0.05;0.09
01.12.2014;7.57;19738.65;0.03;7016.22;1.32;13.03;3.5;5.08;1.44;5.55;53.67;1.38;0.06;10072.85;8342.13;15057.27;30726.24;40523.1;10939.85;9372.08;294.52;71.45;62.04;3.94;1056.37;4.03;2553016.98;66541.83;65.94;2732540.26;38.12;1363.41;79510.62;67.28;85.72;84.14;12.02;12.48;13.93;13.63;12.4;-2.72;-2.44;-1.99;-1.3;-1.66;-2.97;24.95;17.92;17.73;13.69;4.91;4.98;11.85;11.47;1.37;14.19;13.19;1.57;1.57;1.55;1.79;0.98;1.69;1.46;1.74;1.72;4.45;1.51;1.54;1.11;2.78;0.72;1.69;0.82;5.54;417.74;2.9;1.41;65.62;3.66;2.46;4.33;6.63;3.7;0.05;0.12
01.01.2015;8.26;19578.74;0.03;6867.24;1.31;14.78;3.63;7.16;1.39;6.55;63.67;1.37;0.06;10380.56;8533.34;14494.97;30189.41;41034.6;10904.88;11334.32;347.99;72.72;62.08;4.05;1093.24;3.88;2580288.71;72375.22;73.01;2760701.21;38.04;1581.81;75212.55;73.37;15.62;96.46;14.29;14.45;15.8;15.45;13.36;-2.32;-2.16;-1.86;-1.28;-1.62;-3.28;28.11;19.16;19.61;14.83;4.86;5.27;11.64;12.65;2.02;14.63;13.25;1.3;1.3;1.52;1.81;0.91;1.62;1.46;1.77;1.72;3.89;1.47;1.56;1;2.62;0.55;1.62;0.82;6.27;417.47;2.6;1.4;50.94;3.83;2.53;4.35;6.3;3.8;0.05;0.11
01.02.2015;7.49;19499.96;0.01;6760.75;1.34;13.03;3.71;6.72;1.4;6.08;63.05;1.37;0.06;9852.33;8123.58;14858.57;30898.69;44326.12;10838.93;10567.07;311.18;72.16;61.97;4.2;1121.54;3.89;2764982.9;73080.42;81.87;2747237.93;38.1;1715.08;91019.62;71.76;38.1;96.09;12.59;12.71;13.61;13.38;12.16;-2.44;-2.3;-2.01;-1.47;-1.71;-2.78;28.7;20.32;17.97;15.57;4.83;5.14;11.14;11.26;1.11;13.16;13.74;1.44;1.44;1.5;1.8;0.91;1.62;1.46;1.78;1.78;3.94;1.47;1.52;1.02;2.68;0.58;1.62;0.82;6.72;421.68;2.56;1.39;60.13;3.95;2.59;4.38;6.37;3.93;0.05;0.11
01.03.2015;7.89;19481.63;0.02;6710.76;1.31;12.58;3.75;6.69;1.4;6.83;58.67;1.38;0.06;9713.86;8068.53;14793.88;31073.34;43360.51;10730;10322.03;301.65;72.13;62.11;4.29;1138.79;3.77;2828822.37;76144.78;88.95;2745157.23;38.08;1626.33;87900.04;64.82;91.89;89.53;12.12;12.29;12.98;12.96;12.27;-2.4;-2.29;-2.1;-1.78;-1.82;-2.29;27.9;21.64;17.51;15.92;4.63;5.2;11.28;11;1.14;12.93;13.3;1.46;1.46;1.51;1.8;0.89;1.55;1.45;1.77;1.78;3.85;1.46;1.48;1.01;2.59;0.61;1.55;0.82;6.24;424.22;2.54;1.39;57.43;4;2.62;4.41;7.65;4.06;0.05;0.11
01.04.2015;8.98;19454.92;0.02;6653.33;1.27;11.67;3.77;7.28;1.34;6.01;54.13;1.37;0.06;9680.53;7986.39;14796.7;30944.91;43218.47;10638.49;9277.97;265.43;72.07;62.02;4.3;1158.26;3.82;2890848.85;74037.68;97.48;2733893.51;37.96;1668.35;95180.6;58.03;87.63;80.18;11.53;11.57;11.8;11.65;11.04;-2.66;-2.67;-2.73;-2.83;-2.95;-3.32;26.86;20.53;17.07;15.56;3.78;4.32;8.84;10.6;0.8;12.64;12.4;1.33;1.33;1.51;1.79;0.89;1.55;1.43;1.77;1.75;3.73;1.39;1.49;0.96;2.6;0.54;1.32;0.82;6.15;419.25;2.52;1.38;59;4.01;2.64;4.43;8.14;4.01;0.05;0.12
01.05.2015;8.48;19489.11;0.02;6625.35;1.24;10.69;3.78;7.22;1.36;5.71;51.65;1.37;0.06;9622.83;7953.83;14841.64;31628.19;42970.53;10585.03;9802.74;263.2;72.65;62.46;4.42;1170.89;3.89;3258296.73;76154.43;95.99;2751224.82;37.93;1653.35;95767.33;57.8;82.15;79.07;10.58;10.63;11;11.03;10.6;-2.52;-2.49;-2.4;-2.13;-2.12;-2.37;28.14;20.17;16.01;15.86;3.52;4.68;9;10.34;0.57;11.15;11.89;1.56;1.56;1.51;1.79;0.88;1.56;1.41;1.8;1.8;3.82;1.37;1.49;0.95;2.52;0.56;1.28;0.8;6.1;417.02;2.52;1.37;62.1;4.01;2.66;4.45;7.89;3.98;0.05;0.12
01.06.2015;8.81;19505.64;0.02;6620.93;1.23;10.7;3.79;6.25;1.32;4.95;56.19;1.37;0.06;9380.47;7928.88;14876.25;31774.41;43085.48;10524.42;10381.79;266.64;72.13;61.87;4.25;1178.34;3.81;3357928.74;75306.77;95.66;2746526.75;38.1;1715.98;94305.89;63.01;87.52;86.44;10.29;10.47;11.12;11.13;11.13;-2.16;-2.11;-1.94;-1.43;-1.41;-1.67;26.9;19.49;15.54;15.08;2.87;4.3;9.61;10.37;0.99;10.94;11.74;1.68;1.68;1.51;1.79;0.92;1.51;1.42;1.75;1.79;3.78;1.36;1.48;0.88;2.52;0.54;1.24;0.79;6.19;417.28;2.51;1.38;59.57;4;2.67;4.45;8.11;4;0.05;0.13
01.07.2015;8.23;19605.42;0.03;6640.19;1.25;10.41;3.82;7.26;1.35;4.47;58.67;1.37;0.06;9729.59;7945.11;14850.47;31829.13;44009.69;10480.85;10861.09;266.08;72.48;62.22;4.25;1183.6;3.82;3459505.86;77618.04;97.03;2772397.6;38.23;1713.19;86388.19;64.09;91.01;92.08;9.79;10.02;11.06;11.15;11.07;-1.96;-1.73;-1.32;-0.62;-0.55;-0.73;26.6;19.2;14.88;15.11;2.49;3.93;8.87;9.72;0.76;10.49;11.58;1.65;1.65;1.52;1.82;0.91;1.55;1.44;1.77;1.87;3.86;1.32;1.52;0.98;2.63;0.5;1.22;0.79;5.98;427.93;2.51;1.38;54.21;4.02;2.69;4.45;7.98;4.05;0.05;0.13
01.08.2015;9.29;19761.02;0.07;6695.1;1.25;10.75;3.85;7.49;1.34;5.6;65.24;1.37;0.06;9908.7;7986.16;14950.97;32132.16;44741.21;10431.06;11952.96;289.17;72.33;62.23;4.27;1185.53;3.79;3226368;77964.96;96.73;2750403.04;37.99;1755.94;84821.84;72.22;18.08;102.78;9.93;10.28;11.22;11.27;11.21;-1.2;-0.86;-0.3;0.55;0.6;0.36;25.65;19.02;14.6;14.63;2.13;3.53;8.59;9.5;0.61;10.08;10.41;1.59;1.59;1.53;1.83;0.98;1.58;1.42;1.77;1.79;3.95;1.3;1.48;1.02;2.63;0.5;1.21;0.79;6;422.54;2.51;1.38;46.23;4.05;2.71;4.47;7.88;4.06;0.05;0.14
01.09.2015;7.2;19879.59;0.03;6726.05;1.23;11.06;3.88;5.34;1.36;3.21;66.86;1.36;0.06;9934.01;8013.62;15217.7;32512.04;46900.28;10404.15;11942.42;285.87;72.35;62.22;4.15;1194.48;3.78;3386717.35;73402.32;96.04;2746281.81;37.9;1657.32;77786.36;74.06;10.59;101.41;9.68;10.32;11.53;11.48;11.4;-1.76;-1.02;-0.17;0.46;0.41;0.2;24.91;18.6;14.28;14.42;2.02;3.46;8.88;9.33;0.33;10.12;10.56;1.55;1.55;1.54;1.87;0.95;1.88;1.47;1.76;1.88;4.05;1.31;1.51;0.99;2.63;0.52;1.25;0.78;6.09;427.15;2.49;1.39;45.43;4.08;2.74;4.48;7.27;4.08;0.05;0.14
01.10.2015;8.55;19999.76;0.02;6741.35;1.23;10.44;3.91;6.51;1.37;4.32;64.59;1.37;0.06;9778.06;7953.59;15190.95;32497.38;47423.73;10365.45;11567.58;266.77;72.37;62.31;4.3;1192.42;3.78;3260007.73;77104.28;95.59;2759503.26;38.15;1713.11;85227.97;71.92;67.32;99.61;9.16;9.92;10.41;10.36;10.36;-2.22;-1.31;-0.75;-0.7;-0.73;-0.83;25.02;18.49;13.81;14.74;1.84;3.18;6.94;9.02;0.44;10.09;10.65;1.48;1.48;1.55;1.86;0.93;1.58;1.46;1.71;1.9;4.08;1.31;1.45;1.04;2.61;0.51;1.18;0.78;6.24;441.84;2.49;1.38;46.98;4.12;2.76;4.5;7.78;4.1;0.05;0.12
01.11.2015;7.94;20101.94;0.13;6839.63;1.23;10.14;3.93;5.87;1.36;3.97;64.49;1.37;0.06;9968.16;8020.75;15222.95;32949.18;47567.26;10323.33;12018.64;257.79;72.16;62.25;4.36;1194;3.79;3778125.6;84688.99;95.22;2741066.03;37.94;1745.42;84706.58;69.65;14.15;98.88;9.01;9.74;9.91;9.72;9.71;-2.4;-1.58;-1.13;-1.3;-1.49;-1.69;24.78;18.29;13.78;14.55;1.7;2.79;7.34;8.97;0.34;10.15;10.18;1.64;1.64;1.54;1.88;0.92;1.54;1.45;1.73;1.84;4.08;1.3;1.42;1.03;2.65;0.5;1.16;0.79;6.56;436.19;2.48;1.38;45.31;4.14;2.78;4.51;7.95;4.09;0.05;0.12
01.12.2015;7.32;20148.29;0.21;6889.71;1.23;10.25;3.96;5.91;1.35;4.56;67.08;1.36;0.06;10015.78;8069;15565.61;33336.03;47959.83;10313.35;12620.74;283.87;72.27;62.36;4.33;1188.08;3.75;4489129.1;87996.78;92.8;2752970.93;38.03;1728.49;76603.78;74.3;11.27;101.07;9.09;9.85;10.06;9.85;9.57;-1.57;-0.93;-0.55;-0.84;-1.06;-1.35;24.3;18.02;13.45;13.62;1.58;2.71;8.17;9.07;0.35;9.83;10.56;1.61;1.61;1.55;1.87;0.89;1.61;1.45;1.78;1.79;4.47;1.33;1.34;1;2.55;0.57;1.09;0.77;6.28;434.27;2.5;1.38;40.83;4.17;2.79;4.52;7.4;4.05;0.05;0.24
01.01.2016;6.38;20290.61;0.25;6984.51;1.24;10.13;3.98;5.42;1.33;3.07;76.52;1.37;0.06;10250.72;8225.65;15702.24;33726.84;49255.05;10342.28;13048.83;273.52;72.14;62.26;4.26;1182.32;3.78;4493924.54;77068.64;93.3;2736380.21;37.96;1711.47;73656.83;82.79;12.39;109.59;9.05;9.67;10.55;10.5;10.01;-1.86;-1.22;-0.71;-0.55;-0.59;-0.75;24.56;17.85;13.2;13.4;1.45;2.38;7.78;9.06;0.37;9.7;10.07;1.43;1.43;1.52;1.86;0.9;1.58;1.34;1.69;1.77;3.87;1.25;1.43;0.95;2.57;0.34;1.29;0.86;5.89;424.15;2.44;1.37;33.37;4.18;2.81;4.54;6.84;4.06;0.05;0.34
01.02.2016;7.54;20424.46;0.27;7126.32;1.25;9.83;4;5.81;1.34;3.04;75.93;1.35;0.06;10471.07;8281.63;15856.08;33861.41;49917.43;10403.08;13385.73;264.78;72.2;62.38;4.22;1179.13;3.77;3192673.85;68106.66;93.18;2734447.2;37.85;1802.91;74957.63;84.48;11.84;108.04;8.96;9.43;10.13;10.17;9.9;-1.82;-1.32;-0.91;-0.67;-0.64;-0.78;23.67;16.64;13.27;12.8;1.51;2.23;7.6;8.92;0.45;9.6;10.27;1.18;1.18;1.59;1.81;0.9;1.61;1.39;1.68;1.83;3.89;1.24;1.52;0.87;2.54;0.47;1.23;0.83;6.19;423.16;2.47;1.39;35.66;4.2;2.83;4.57;5.91;4.06;0.05;0.38
01.03.2016;7.78;20458.69;0.26;7192.02;1.27;9.39;4.02;5.31;1.34;4.1;68.87;1.38;0.06;10595.71;8356.8;15986.55;34152.49;50519.06;10395.07;12097.28;240.28;72.08;62.41;4.38;1181.52;3.8;4298338.23;77892.98;95.34;2734037.42;37.96;1880.96;86540.67;78.07;10.71;98.82;9.16;9.38;9.22;9.21;9.04;-1.52;-1.41;-1.43;-1.62;-1.66;-1.73;23.89;17.36;12.96;13.31;1.42;2.22;7.52;8.79;0.43;9.51;9.69;1.31;1.31;1.57;1.83;0.93;1.61;1.4;1.7;1.84;3.91;1.21;1.48;0.92;2.45;0.39;1.24;0.81;6.1;423.08;2.41;1.38;41.07;4.21;2.85;4.58;6.71;4.1;0.02;0.36
01.04.2016;7.25;20503.99;0.24;7255.83;1.3;9.65;4.04;5.78;1.36;3.5;67.91;1.37;0.06;10972.02;8398.81;16483.53;34623.24;50150.6;10398.15;11495.8;226.13;72.25;62.54;4.44;1184.62;3.79;3973856.55;74189.21;97.74;2737517.83;37.95;1932.98;91744.24;76.38;16.25;96.37;9.67;9.64;9.56;9.42;9.19;-0.8;-0.85;-1.03;-1.37;-1.49;-1.58;22.92;17.3;12.91;13.68;1.24;2.25;7.56;8.88;0.4;9.58;10.04;1.24;1.24;1.53;1.82;0.94;1.61;1.41;1.69;1.89;4.03;1.19;1.47;0.85;2.47;0.45;1.21;0.8;6.02;424.93;2.41;1.38;41.65;4.22;2.87;4.58;7.46;4.11;0;0.37
01.05.2016;7.48;20519.57;0.29;7302.02;1.32;9.79;4.06;5.65;1.35;3.6;67.29;1.37;0.06;10556.49;8446.23;16397.95;35022.86;49978.47;10412.39;11375.16;225.88;72.24;62.38;4.38;1164.19;3.89;3957465.51;75132.1;91.18;2746638.05;38.07;1948.55;89163.54;76.29;40.56;96.44;9.88;9.87;9.54;9.35;9.01;-1.43;-1.46;-1.52;-1.78;-1.99;-2.23;22.84;17.29;13;13.68;1.16;2.24;7.09;8.75;0.41;9.52;10.13;1.31;1.31;1.53;1.81;0.95;1.66;1.45;1.67;1.9;4.06;1.15;1.48;0.85;2.36;0.42;1.28;0.8;5.92;417.09;2.39;1.38;44;4.23;2.88;4.59;7.65;4.17;0;0.37
01.06.2016;5.24;20627.62;0.28;7333.35;1.33;9.92;4.07;5.28;1.34;3.45;67.2;1.38;0.06;10884.9;8463.76;16765.01;35556.39;50582.51;10418.27;11070.5;213.16;72.52;62.53;4.35;1150.54;3.82;3882934.03;72883.66;90.57;2758328.48;38.06;1952.91;89136.27;75.66;63.96;95.16;10.2;10.12;9.28;9;8.86;-0.46;-0.62;-0.89;-1.48;-1.75;-2.03;22.21;17.3;12.72;13.74;1.02;2.11;7.07;8.8;0.34;9.39;10.13;1.2;1.2;1.54;1.84;0.92;1.59;1.44;1.69;1.91;4.05;1.13;1.46;0.96;2.34;0.35;1.27;0.79;5.92;424.98;2.39;1.37;46.15;4.25;2.9;4.61;7.92;4.26;0;0.38
01.07.2016;7.22;20674.82;0.28;7344.37;1.29;9.79;4.1;5.62;1.36;2.71;65.97;1.39;0.06;10843.53;8470.19;16648.09;35712.96;50288.34;10417.18;11238.47;215.04;72.56;62.6;4.23;1129.75;3.82;3566345.27;69953.7;87.91;2753771.84;37.9;1992.44;94982.5;72.25;90.87;87.71;10.15;10.01;9.11;8.82;8.66;-0.39;-0.52;-0.77;-1.39;-1.69;-1.94;23.11;17.19;12.62;13.22;0.98;2.07;6.86;8.48;0.39;9.34;10.31;1.11;1.11;1.54;1.83;0.94;1.64;1.46;1.68;1.88;4.09;1.13;1.41;1.09;2.29;0.43;1.26;0.78;6.12;434.15;2.36;1.38;43.79;4.28;2.91;4.62;8;4.26;0;0.39
01.08.2016;5.76;20623.07;0.3;7377.92;1.3;9.36;4.11;5.88;1.33;1.93;64.3;1.39;0.06;10703.96;8498.67;16605.33;36112.02;50485.14;10449.6;10649.84;196.59;72.59;62.62;4.17;1114.93;3.87;3531761.82;65777.2;86.02;2758940.22;38.01;1988.75;95982.15;71.6;84.17;85.38;9.7;9.59;8.71;8.43;8.26;-0.84;-0.92;-1.07;-1.45;-1.74;-2.05;23.35;16.94;12.49;13.05;0.95;1.94;6.89;8.33;0.38;9.4;9.63;1.23;1.23;1.53;1.85;0.93;1.67;1.47;1.73;1.95;3.98;1.12;1.41;0.91;2.18;0.42;1.23;0.78;6.03;433.01;2.42;1.4;46.27;4.31;2.93;4.64;7.69;4.23;0;0.4
01.09.2016;5.92;20526.58;0.34;7366.81;1.27;9.01;4.13;5.89;1.34;2.15;64.11;1.4;0.06;10999.61;8458.39;16704.31;36327.94;50205.64;10465.07;10468.21;189.23;72.55;62.67;4.14;1096.65;3.85;3592761.74;63588.22;83.81;2755390.68;37.97;1984.96;101294.17;70.92;96.52;83.74;9.68;9.41;8.42;8.23;8.16;-0.76;-0.94;-1.23;-1.74;-1.93;-2.09;23.26;16.79;12.31;12.89;0.88;1.72;6.33;8.13;0.37;9.17;10.41;1.26;1.26;1.55;1.88;0.94;1.53;1.46;1.72;1.94;4.04;1.12;1.39;1.01;2.23;0.41;1.17;0.78;5.9;443.1;2.39;1.39;44.6;4.33;2.94;4.65;7.91;4.21;0;0.4
01.10.2016;6.6;20538.03;0.38;7393.35;1.28;9.02;4.15;8.65;1.37;1.74;63.52;1.42;0.06;11468.12;8545.31;16727.67;36608.98;50057.77;10488.27;10514.41;185.6;72.36;62.5;4.1;1087.88;3.85;3528868.58;66929.18;82.74;2749006.18;37.99;1995.05;96883.38;69.72;92.94;79.36;9.94;9.43;8.58;8.48;8.41;-0.52;-0.88;-1.32;-1.72;-1.78;-1.91;22.93;16.67;12.26;12.13;0.77;1.51;6.03;7.77;0.41;8.98;9.79;1.34;1.34;1.54;1.9;0.96;1.55;1.43;1.76;1.95;4.02;1.12;1.41;0.99;2.17;0.41;1.16;0.8;6.36;440.13;2.37;1.39;48.7;4.35;2.95;4.66;7.93;4.22;0;0.4
01.11.2016;6.22;20802.68;0.46;7392.69;1.25;8.84;4.16;4.55;1.38;1.94;63.7;1.43;0.06;11263.97;8531.52;16908.58;36868.36;50110.14;10529.1;10475.64;175.14;72.54;62.65;4.05;1072.93;3.87;3726688.28;66630.71;81.99;2753078.79;37.91;2071.82;103563.08;69.28;93.48;79.74;9.44;9.12;8.59;8.58;8.72;-0.55;-0.8;-1.08;-1.27;-1.25;-1.24;22.11;16.28;11.77;12.01;0.75;1.41;6.56;7.49;0.42;8.77;8.88;1.53;1.53;1.55;1.93;0.99;1.56;1.42;1.75;2;4.06;1.11;1.38;1.05;2.19;0.48;1.16;0.82;6.71;449.47;2.37;1.4;46.92;4.36;2.96;4.67;8.28;4.26;0;0.41
01.12.2016;6.77;20520.05;0.48;7435.07;1.27;8.51;4.17;6.12;1.39;2.42;60.17;1.42;0.06;11367.4;8568.96;16891.34;37026.82;50309.5;10566.14;9288.53;158.15;72.69;62.76;4.03;1057.11;3.89;3364135.63;63806.38;80.42;2753227.45;37.85;2201.17;119276.87;64.5;90.54;75.49;8.72;8.72;8.35;8.34;8.42;-1.25;-1.35;-1.5;-1.7;-1.69;-1.57;21.27;16.03;11.61;12.25;0.72;1.47;6.33;7.46;0.61;8.65;8.87;1.86;1.86;1.56;2;0.97;1.52;1.42;1.77;2;4.17;1.15;1.37;0.96;2.15;0.46;1.09;0.81;6.44;450.94;2.37;1.39;56.5;4.36;2.97;4.69;8.11;4.37;0;0.54
01.01.2017;6.39;20554.89;0.49;7493.77;1.32;8.33;4.18;5.28;1.46;2.05;58.96;1.46;0.06;11173.91;8616.25;16879.69;36963.63;49011.12;10624.83;9157.12;148.59;72.36;62.87;4.17;1044.25;3.92;3375307.79;65935.13;76.66;2756490.67;38.03;2126.42;114884.68;62.57;87.56;72.37;8.74;8.64;8.12;8.07;8.05;-1.41;-1.51;-1.69;-2.06;-2.1;-1.87;21.63;16.01;11.48;12.24;0.73;1.53;6.2;7.54;0.62;8.7;8.97;1.83;1.83;1.57;1.94;1.03;1.79;1.43;1.78;2.08;4.39;1.29;1.26;1.27;2.25;0.48;1.09;0.81;6.47;455.63;2.39;1.39;56.82;4.36;2.99;4.69;8.94;4.48;0;0.65
01.02.2017;5.88;20641.31;0.45;7633.82;1.29;8.75;4.19;4.71;1.39;2.76;58.07;1.43;0.06;11355.65;8733.27;17339.72;37942.49;50377.67;10720.83;8875.23;144.22;71.95;62.54;4.05;1023.79;4.01;3533869.27;67425.8;73.75;2750257.94;38.14;2006.93;110039.32;61.74;85.59;71.57;9.43;9.18;8.19;8.11;8.13;-0.67;-0.92;-1.31;-1.92;-2.02;-1.9;21.15;15.85;11.38;11.31;0.73;1.44;6.22;7.17;0.54;8.69;8.68;1.83;1.83;1.55;2.06;1;1.68;1.49;1.77;2.03;4.64;1.26;1.22;1.09;2.2;0.45;1.01;0.81;6.4;455.6;2.41;1.38;57.35;4.36;2.99;4.69;9.13;4.42;0;0.66
01.03.2017;6.7;20680.23;0.67;7640.26;1.32;8.72;4.19;4.77;1.42;2.98;57.26;1.43;0.06;11623.57;8808.03;17421.5;38292.55;50486.17;10813.22;8667.02;136.42;72.24;62.72;3.99;1011.26;3.99;3520017.99;63338.93;71.14;2754954.52;38.09;2010.83;110009.46;61.5;84.25;71.07;9.14;8.89;8.17;8.02;8.05;-0.24;-0.5;-0.91;-1.66;-1.82;-1.78;21.13;15.5;11.26;11.27;0.73;1.45;5.92;7.1;0.48;8.54;9.1;1.94;1.94;1.55;2.05;1;1.75;1.51;1.79;2.07;4.86;1.28;1.3;1.17;2.27;0.48;1.05;0.79;6.45;452.16;2.41;1.39;54.24;4.35;3;4.71;8.97;4.4;0;0.79
01.04.2017;5.87;20769.02;0.83;7716.56;1.28;8.72;4.21;4.53;1.41;2.36;57.36;1.44;0.05;11503.08;8871.35;17417.23;38497.45;50800.63;10907.97;8934.92;136.73;72.11;62.67;3.92;993.54;4.04;3765802.26;68235.57;69.27;2750443.43;38.1;2007.66;106841.01;61.73;83.5;71.78;8.95;8.94;8.23;8.03;7.97;-0.59;-0.72;-0.94;-1.46;-1.66;-1.66;21.06;15.23;10.94;11.18;0.5;1.43;6.16;7.03;0.58;8.2;8.64;1.82;1.82;1.55;2.07;1.01;1.73;1.5;1.8;2.08;4.51;1.27;1.31;1.24;2.22;0.42;1.17;0.82;6.29;452.22;2.41;1.38;52.13;4.37;3;4.71;8.26;4.4;0;0.9
01.05.2017;5.73;20869.27;0.91;7765.72;1.3;8.52;4.22;4.52;1.43;2.43;57.86;1.45;0.06;11651.52;8897.68;17360.24;38563.75;51129.51;10985.47;9070.54;133.21;72;62.7;3.97;984.57;4.07;3264260.57;60381.27;66.85;2740055.58;37.98;1943.77;103881.47;64.41;83.04;73.94;8.7;8.63;8.19;7.96;7.8;-0.62;-0.7;-0.81;-1.14;-1.39;-1.5;19.91;15;10.62;10.77;0.73;1.28;6.1;6.97;0.52;7.83;10.6;1.83;1.83;1.57;2.05;1.04;1.78;1.53;1.78;2.18;4.42;1.29;1.37;1.18;2.27;0.52;1.07;0.85;6.31;459.83;2.42;1.39;48.08;4.4;3.01;4.73;8.2;4.37;0;0.91
01.06.2017;5.3;20931.9;0.99;7837.73;1.32;8.19;4.25;5.71;1.46;2.38;59.39;1.46;0.05;11560.44;8982.34;17703.24;39132.44;51595.19;11092.95;9457.16;139.85;71.98;62.72;3.95;975.37;4.07;3291970.65;60207.89;65.51;2748390.8;38.08;1933.44;102377.9;66.9;84;75.46;8.19;8.18;8.05;7.96;8;-0.98;-1.02;-1.07;-1.19;-1.3;-1.34;20.15;14.92;10.66;10.5;0.74;1.24;5.78;6.85;0.58;7.85;8.14;1.83;1.83;1.55;2.04;1.04;1.81;1.52;1.82;2.1;4.55;1.29;1.47;1.12;2.4;0.56;1.16;0.84;6.34;462.63;2.42;1.38;45.19;4.46;3.02;4.76;7.95;4.35;0;1.04
01.07.2017;5.3;20956.79;1.03;7904.88;1.3;8.21;4.25;4.26;1.44;2.77;60.97;1.45;0.06;11665.29;9040.33;17805.46;39429.72;52427.82;11211.53;9272.69;136.07;71.96;62.75;3.98;965.18;4.07;3318606.34;60868.48;63.9;2747006.89;38.07;1959.86;101737.55;69.6;86.73;80.07;8.21;8.19;8.14;8.07;8.06;-0.83;-0.85;-0.88;-0.92;-1.01;-1.08;20.44;14.8;10.58;10.16;0.73;1.24;6.16;6.99;0.59;7.79;8;1.93;1.93;1.55;2.08;1.09;1.79;1.5;1.81;2;4.64;1.29;1.34;1.15;2.19;0.59;1.11;0.83;6.24;458.25;2.43;1.39;47.89;4.45;3.02;4.76;7.99;4.35;0;1.15
01.08.2017;5.26;20997.21;1.06;7943.77;1.32;7.91;4.25;4.43;1.46;1.81;58.82;1.46;0.05;11994.36;9096.07;17993.39;39391.06;52269.24;11333.01;8830.67;126.32;72.08;62.85;3.95;954.58;4.1;3355875.15;60868.45;62.45;2745809.99;37.99;2032.04;111476.97;68.98;87.85;77.39;7.99;7.94;7.71;7.68;7.76;-0.62;-0.64;-0.66;-0.68;-0.72;-0.73;19.96;14.54;10.65;10.49;0.78;1.41;6.2;7.1;0.62;7.65;9.36;1.91;1.91;1.55;2.08;1.02;1.77;1.54;1.81;2.14;4.82;1.29;1.48;1.15;2.21;0.56;1.11;0.83;6.47;462.72;2.43;1.39;52;4.42;3.03;4.78;8.5;4.4;0;1.16
01.09.2017;6.55;21209.49;1.14;7983.26;1.35;7.61;4.25;4.88;1.47;1.86;57.01;1.46;0.05;12695.26;9114.88;18054.59;39606.72;52135.43;11463.04;8679.59;120.99;72.27;62.87;3.9;942.37;4.16;3337168.34;58535.75;60.94;2756092.74;38.07;2070.52;115103.51;67.14;87.65;75.46;7.76;7.69;7.51;7.47;7.59;-0.66;-0.69;-0.72;-0.77;-0.81;-0.74;19.99;14.21;10.21;10.27;0.71;1.4;5.61;6.83;0.64;7.41;7.85;1.89;1.89;1.53;2.05;1;1.79;1.51;1.83;2.15;4.7;1.27;1.47;1.07;2.16;0.74;1.01;0.83;6.38;460.43;2.46;1.4;53.86;4.41;3.03;4.79;8.91;4.46;0;1.15
01.10.2017;4.76;21240.26;1.22;8055.13;1.36;7.49;4.26;4.08;1.45;3.02;58.01;1.45;0.05;12822.68;9181.81;18183.72;40004.2;52304.7;11619.92;8659.57;116.4;72.39;62.89;3.88;936.12;4.2;3284338.87;53944.75;60.5;2761301.07;38.07;2072.39;113076.7;68.01;87.05;77.35;7.66;7.55;7.4;7.41;7.59;-0.41;-0.46;-0.54;-0.61;-0.58;-0.42;18.24;13.89;9.96;9.94;0.65;1.49;5.7;6.36;0.59;7.08;7.32;2.02;2.02;1.53;2.09;1;1.84;1.53;1.81;2.14;5.01;1.26;1.44;1.13;2.17;0.63;1.14;0.82;6.28;460.52;2.46;1.41;56.76;4.42;3.04;4.79;8.92;4.51;0;1.15
01.11.2017;5.37;21299.53;1.26;8129.49;1.38;7.31;4.26;4.36;1.45;1.76;58.25;1.45;0.05;13038.12;9247.3;18515.89;40490.92;52770.89;11801.25;8750.25;114.06;72.2;62.7;3.83;933.7;4.24;3004936.02;47599.72;60.09;2757894.04;38.09;2069.72;110620.64;68.71;88.71;77.57;7.37;7.34;7.33;7.37;7.61;-0.61;-0.62;-0.63;-0.58;-0.5;-0.33;18.58;13.69;9.74;9.83;0.67;1.59;5.15;7.01;0.66;6.85;7.24;1.96;1.96;1.53;2.07;1;1.84;1.56;1.82;2.16;4.95;1.28;1.51;1.06;2.16;0.64;1.15;0.81;6.29;456.25;2.45;1.41;63.08;4.41;3.04;4.8;9.33;4.59;0;1.16
01.12.2017;5.72;21324.51;1.27;8199.46;1.39;6.91;4.27;4.2;1.43;3.21;57.4;1.44;0.05;13297.13;9327.46;18676.72;40714.86;53055.34;11988.84;8704.31;107.89;72.23;62.78;3.82;929.68;4.26;3018113.48;50751.28;60.27;2758071.85;38.05;2083.26;117501.43;68.56;89.85;77.24;6.91;6.97;7.07;7.18;7.5;-0.82;-0.8;-0.75;-0.6;-0.46;-0.09;18.93;13.43;9.29;9.77;0.69;1.7;5.14;6.31;0.62;6.59;7.3;2.1;2.1;1.54;2;1.01;1.74;1.59;1.82;2.16;4.9;1.29;1.49;1.07;1.97;0.52;1.26;0.79;6.13;456.57;2.47;1.42;65.89;4.4;3.06;4.81;9.84;4.64;0;1.3
01.01.2018;5.51;21578.24;1.35;8251.39;1.47;6.65;4.27;4.94;1.52;2.12;56.24;1.48;0.05;13994.06;9433.87;18782.4;40973.54;52883.26;12176.71;8541.84;103.27;72.57;62.79;3.79;915.65;4.37;2806453.6;46806.05;59.35;2760006.9;38.05;2196.18;122821.52;68.45;89.22;77.51;6.67;6.72;6.93;7.1;7.4;-0.56;-0.52;-0.43;-0.24;-0.06;0.42;18.4;13.32;9.03;8.49;0.7;1.51;5.31;6.42;0.73;6.06;6.65;2.3;2.3;1.56;2.11;1.08;1.77;1.63;1.82;2.17;4.98;1.28;1.48;1.17;2.16;0.75;1.16;0.82;7.49;463.42;2.47;1.43;70.11;4.39;3.06;4.84;9.88;4.67;0;1.41
01.02.2018;5.63;21800.92;1.37;8271.7;1.5;6.44;4.28;4.65;1.47;2.83;56.9;1.47;0.05;14501.37;9399.75;18936.65;41542.58;53398.11;12361.49;8476.9;100.15;72.58;62.79;3.7;895.71;4.46;2772025.44;47581.32;58.06;2757623.22;37.96;2282.8;128146.67;69.96;90.55;78.52;6.39;6.45;6.63;6.79;7.13;-0.74;-0.71;-0.66;-0.5;-0.35;0.05;18.41;13.29;8.74;8.99;0.7;1.54;5.33;6.25;0.76;5.91;6.54;2.51;2.51;1.56;2.16;1.05;1.72;1.68;1.81;2.17;4.9;1.27;1.42;1.18;2.21;0.61;1.18;0.83;7.02;464.93;2.47;1.43;65.9;4.39;3.07;4.85;9.84;4.69;0;1.42
01.03.2018;5.32;21970.45;1.57;8362.08;1.46;6.12;4.29;4.78;1.46;2.2;56.83;1.48;0.05;14587.88;9561.87;19202.86;41842.03;53381.68;12560.11;8807.77;103.77;72.69;62.93;3.69;874.7;4.37;2789029.09;47063.55;56.73;2752017.81;37.86;2290.2;126918.21;71.04;90.51;79.4;5.83;5.93;6.38;6.59;7.13;-1.09;-1.05;-0.96;-0.69;-0.48;0.03;17.61;13.24;8.62;8.94;0.78;1.57;5.41;6.16;1.06;5.86;6.35;2.56;2.56;1.57;2.18;1.05;1.66;1.64;1.83;2.2;4.83;1.25;1.35;1.16;2.19;0.65;1.27;0.85;6.66;470.31;2.48;1.43;68.61;4.41;3.07;4.86;9.46;4.68;0;1.51
01.04.2018;4.97;22302.9;1.81;8548.68;1.47;6.45;4.31;5.03;1.48;2.44;61.41;1.48;0.05;15393.14;9731.63;19500.77;42304.09;54813.69;12763.05;9162.36;105.06;72.65;62.89;3.7;861.78;4.38;2942845.08;47562.05;56.21;2758416.31;37.99;2319.69;113617.1;74.98;93.11;85.86;6.24;6.26;6.8;6.98;7.4;-0.57;-0.53;-0.45;-0.22;-0.04;0.38;16.92;13.08;8.61;8.43;0.79;1.48;5.21;5.75;1.29;5.73;5.61;2.7;2.7;1.58;2.28;1.06;1.71;1.66;1.81;2.17;4.51;1.25;1.39;1.2;2.31;0.64;1.22;0.85;7.04;470.95;2.48;1.44;70.93;4.42;3.08;4.88;9.42;4.79;0;1.69
01.05.2018;5.25;22314.98;1.95;8687.96;1.51;6.75;4.32;5.1;1.51;3.01;62.85;1.5;0.05;15853.84;9873.95;19817.21;43000.31;56407.41;13009.9;9216.06;103.71;72.63;62.93;3.67;853.31;4.41;2742226.53;45650.99;55.39;2755619.8;37.93;2350.05;115863;74.98;97.72;83.82;6.51;6.57;6.99;7.18;7.6;-0.51;-0.45;-0.35;-0.12;0.07;0.51;17.7;12.89;8.64;8.46;1.41;1.92;5.37;5.96;1.4;5.74;6.33;2.81;2.81;1.58;2.24;1.06;1.7;1.7;1.91;2.33;4.8;1.24;1.5;1.16;2.34;0.7;1.16;0.86;6.87;471.63;2.48;1.45;74.88;4.41;3.11;4.9;10.36;4.96;0;1.7
01.06.2018;5.69;22456.66;1.92;8788.73;1.47;6.96;4.35;5.01;1.48;2.83;64.14;1.5;0.05;16350.56;9945.26;20108.19;43192.23;56813.98;13236.77;9238.92;99.96;72.43;62.79;3.64;845.12;4.43;2875076.11;45823.51;53.63;2738338.79;37.78;2350.04;115702.91;75.22;95.94;84.74;6.75;6.81;7.24;7.5;7.92;-0.35;-0.3;-0.2;0.09;0.32;0.69;17.92;12.83;8.8;8.61;1.78;2.26;5.15;5.8;1.47;5.87;6.05;2.85;2.85;1.6;2.27;1.08;1.69;1.73;1.91;2.23;4.79;1.23;1.36;1.12;2.33;0.75;1.16;0.87;6.77;474.8;2.49;1.45;74.4;4.45;3.13;4.92;11.22;5.05;0;1.82
01.07.2018;5.23;22714.77;1.9;8898.64;1.49;7.02;4.36;5.29;1.48;2.77;63.86;1.5;0.05;16601.2;10047.38;20320.21;43895.99;57508.08;13481.69;9020.41;94.2;72.37;62.78;3.65;843.61;4.43;3223292.92;47612.29;52.74;2725690.84;37.67;2363;119678.99;74.4;92.47;85.08;6.83;6.88;7.35;7.59;7.96;-0.37;-0.31;-0.19;0.17;0.38;0.7;17.26;12.8;8.86;8.75;1.41;2.29;5.15;5.83;1.55;5.99;6.34;2.85;2.85;1.61;2.22;1.08;1.64;1.81;1.88;2.23;4.66;1.23;1.4;1.11;2.27;0.64;1.09;0.87;6.82;475.64;2.49;1.46;73.77;4.47;3.13;4.93;11.53;5.09;0;1.91
01.08.2018;5.64;22946.73;2.14;8965.8;1.52;7.4;4.38;4.93;1.49;4.03;65.11;1.5;0.05;16302.39;10103.71;20576.38;44079.22;57247.64;13731.52;9475.48;99.45;72.69;63.02;3.61;840.35;4.45;3234384.82;47016.6;51.81;2737221.75;37.73;2350.57;110364.95;74.76;94.95;84.85;7.12;7.19;7.88;8.16;8.45;0.05;0.15;0.35;0.94;1.22;1.45;17.69;12.89;8.92;9.11;1.41;2.45;5.11;5.89;1.73;6.1;7.44;2.91;2.91;1.62;2.3;1.05;1.72;1.7;1.83;2.25;4.69;1.24;1.44;1.11;2.39;0.67;1.15;0.87;6.67;473.96;2.51;1.44;74.08;4.51;3.14;4.95;11.48;5.12;0;1.91
01.09.2018;6.43;23035.79;2.26;9053.1;1.54;7.53;4.4;4.94;1.47;3.65;66.71;1.5;0.05;16126.87;10188.15;20546.86;44623.81;58248.87;13983.7;9673.04;94.39;72.61;62.88;3.45;845.38;4.46;3097466.98;47954.28;51.52;2748435.18;37.89;2445.66;116502.01;77.17;72.54;87.2;7.2;7.31;8.12;8.48;8.85;0.03;0.17;0.43;1.07;1.44;1.77;17.5;12.71;9.13;9.3;1.92;2.93;5.4;6.08;1.94;6.28;5.72;2.98;2.98;1.63;2.17;1.06;1.68;1.66;1.86;2.19;4.72;1.25;1.46;1.17;2.26;0.63;1.1;0.86;6.66;468.5;2.52;1.45;77.9;4.53;3.15;4.96;11.71;5.19;0;1.95
01.10.2018;6.19;23244.17;2.45;9086.26;1.58;7.52;4.41;5.19;1.49;3.99;65.8;1.51;0.05;16249.7;10222.97;20715.46;44669.12;58030.63;14238.89;9529.14;96.2;72.4;62.65;3.57;843.99;4.47;3019303.49;44346.96;51.31;2743907.74;37.94;2348.31;110784.99;75.59;95.45;86.47;7.24;7.33;8.16;8.47;8.73;-0.07;0.05;0.28;0.91;1.23;1.48;17.74;12.74;8.96;9.19;3.16;3.23;5.57;6.6;1.88;6.41;6.1;3.01;3.01;1.65;2.21;1.04;1.6;1.75;1.85;2.24;4.69;1.27;1.57;1;2.34;0.69;1.17;0.86;6.58;469.1;2.52;1.44;79.53;4.54;3.16;4.98;12.63;5.26;0;2.19
01.11.2018;6.5;23561.52;2.4;9103.41;1.66;7.63;4.43;5.04;1.49;3.52;65.64;1.52;0.05;16295.75;10257.41;20847.21;45075.77;58523.44;14542.88;9413.6;92.73;72.48;62.78;3.63;843.31;4.49;2931076.6;42645.67;51.13;2749469.87;37.91;2362.62;114073.75;74.95;95.66;85.19;7.37;7.49;8.26;8.52;8.81;0.13;0.25;0.46;1.05;1.36;1.62;17.38;12.68;9.05;9.53;2.66;3.22;5.89;6.8;1.76;6.46;6.96;2.85;2.85;1.65;2.23;1.04;1.73;1.72;1.86;2.25;4.69;1.29;1.56;1.18;2.32;0.65;1.22;0.87;6.69;467.86;2.55;1.46;65.52;4.56;3.17;5.02;12.95;5.31;0;2.2
01.12.2018;5.05;23841.3;2.33;9106.79;1.61;7.74;4.46;5.54;1.5;2.9;66.81;1.52;0.05;15965.36;10265.8;20869.35;45499.45;58932.12;14709.15;9463.37;112.32;72.4;62.79;3.63;832.28;4.4;2910794.57;46104.61;51.06;2756994.42;38.03;2341.27;105154.04;76.05;82.33;84.97;7.57;7.68;8.26;8.51;8.71;0;0.1;0.28;0.78;1.06;1.32;17.78;12.96;9.08;9.49;2.45;3.22;5.47;6.75;1.34;6.51;6.5;2.62;2.62;1.65;2.2;1.05;1.72;1.71;1.85;2.3;4.93;1.36;1.51;1.31;2.41;0.67;0.87;0.86;6.9;471.16;2.55;1.46;57.61;4.61;3.18;5.02;11.63;5.18;0;2.27
01.01.2019;5.58;24229.95;2.26;9161.45;1.59;7.6;4.49;5.32;1.5;3.62;66.29;1.53;0.05;15405.71;10271.24;20938.36;45582.28;59689.5;15012.32;8912.2;110.53;71.77;62.1;3.62;873.53;4.44;2845195.28;44562.89;53.82;2711337.84;37.75;2431.52;116795.64;75.58;99.45;85.35;7.63;7.68;8.1;8.3;8.41;-0.25;-0.2;-0.08;0.35;0.58;0.81;15.53;12.89;9.11;9.46;2.43;3.13;5.81;6.68;1.54;6.46;6.59;2.47;2.47;1.66;2.22;1.06;1.68;1.75;1.9;2.31;4.52;1.33;1.53;1.25;2.01;0.66;1.12;0.87;6.81;472.44;2.53;1.45;59.75;4.64;3.2;5.04;11;5.1;0;2.4
01.02.2019;4.11;24482.93;2.07;9109.73;1.56;7.6;4.5;5.28;1.51;3.36;66.23;1.53;0.05;15509.76;10293.41;20876.89;45662.27;59006.34;15279.6;8956.17;110.53;72.01;62.36;3.63;897.42;4.47;2562666.41;42187.05;55.09;2725374.26;37.8;2491.14;118768.99;74.36;98.26;84.85;7.52;7.6;7.86;8.07;8.29;0.01;0.03;0.07;0.32;0.5;0.78;15.62;12.96;9.22;9.46;1.92;3.23;6.06;6.88;1.38;6.47;6.5;2.41;2.41;1.66;2.25;1.07;1.72;1.72;1.89;2.32;4.54;1.35;1.54;1.35;2.19;0.74;1.18;0.86;7.01;472.45;2.53;1.47;63.1;4.65;3.21;5.06;11.08;5.07;0;2.4
01.03.2019;4.9;24728.66;2.27;9091.74;1.55;7.11;4.52;5.46;1.49;3.27;64.96;1.53;0.05;15888.16;10308.77;20902.18;45955.01;59647.97;15545.48;8890.7;102.82;71.86;62.14;3.48;902.19;4.5;2866387.87;47823.23;56.21;2722040.19;37.89;2522.63;118196.39;73.35;97.13;85.47;6.67;6.69;7.68;7.88;8.26;-0.48;-0.42;-0.28;0.17;0.4;0.69;15.32;13.14;9.15;9.6;1.75;2.96;5.98;7.01;1.61;6.39;6.49;2.33;2.33;1.66;2.26;1.05;1.66;1.75;1.81;2.32;4.58;1.37;1.53;1.26;2.28;0.74;1.1;0.87;6.96;483.52;2.53;1.47;68.61;4.66;3.21;5.07;11.52;5.08;0;2.41
01.04.2019;5.5;24851.21;2.47;9082.33;1.57;7.61;4.53;5.19;1.52;3.11;64.69;1.54;0.05;15687.79;10308.29;20994.43;46024.76;60101.83;15823.54;8591.94;99.97;71.68;62.11;3.57;893.53;4.52;2850801.35;42679.3;56.7;2708875.08;37.79;2598.39;128161.26;73.38;96.5;83.93;7.4;7.5;7.73;7.92;8.29;-0.22;-0.2;-0.15;0.09;0.26;0.58;15.15;13.21;9.17;9.52;1.63;2.48;5.63;6.79;1.62;6.29;6.67;2.33;2.33;1.67;2.33;1.06;1.67;1.78;1.86;2.49;4.68;1.38;1.61;1.33;2.2;0.82;1.15;0.88;7.19;480.55;2.52;1.47;71.29;4.68;3.22;5.1;11.53;5.12;0;2.42
01.05.2019;5.65;24919.81;2.53;9086.62;1.54;7.45;4.54;5.09;1.5;2.42;65.2;1.53;0.05;15830.27;10295.69;21226.24;46276.27;60531.25;16067.02;8767.25;99.11;71.73;62.06;3.48;877.35;4.51;2844935.54;42061.03;55.16;2693404.72;37.55;2710.27;126047.24;73.75;94.19;83.09;7.17;7.24;7.78;7.97;8.23;-0.57;-0.51;-0.4;-0.06;0.13;0.43;15.36;13.34;9.06;9.51;1.53;2.31;5.6;6.81;1.65;6.42;6.49;2.19;2.19;1.65;2.31;1.03;1.65;1.74;1.83;2.43;4.62;1.38;1.55;1.34;2.21;0.83;1.21;0.89;7.11;478.63;2.52;1.47;70.49;4.7;3.23;5.09;11.84;5.13;0;2.39
01.06.2019;5.31;25091.92;2.2;9125.98;1.56;7.38;4.55;4.96;1.55;3.04;65.63;1.55;0.05;15766.74;10277.73;21147.84;46741.45;61167.89;16270.92;8681.22;95.26;71.97;62.26;3.42;866.02;4.53;2632444.51;41176.84;53.99;2719934.73;37.81;2822.91;133673.98;74.35;91.86;82.71;7.29;7.3;7.5;7.66;7.87;-0.43;-0.41;-0.38;-0.23;-0.11;0.09;15.39;13.18;9.12;9.56;1.42;2.19;5.75;6.9;1.62;6.47;6.91;1.89;1.89;1.65;2.3;1.06;1.66;1.8;1.83;2.45;4.71;1.41;1.61;1.38;3.49;0.77;1.09;0.89;7.13;476.7;2.53;1.47;62.53;4.7;3.24;5.11;11.46;5.08;0;2.38
01.07.2019;6.06;25132.85;2.03;9160.22;1.63;7.1;4.56;4.61;1.54;2.46;64.2;1.56;0.05;15632.37;10267.07;21425.87;47139.1;61286.64;16439.58;8455.68;93.69;71.96;62.32;3.44;859.04;4.56;2610113.85;40255.42;53.27;2718934.94;37.78;2784.09;133826.79;72.18;91.11;80.57;7.06;7.06;7.23;7.37;7.6;-0.43;-0.42;-0.37;-0.22;-0.11;0.1;15.1;13.22;8.95;9.64;1.44;2.12;5.48;6.85;1.47;6.28;6.5;1.91;1.91;1.67;2.32;1.08;1.66;1.78;1.9;2.47;4.77;1.4;1.7;1.34;2.39;0.8;1.16;0.89;7.16;475.33;2.52;1.47;63.23;4.72;3.25;5.12;10.54;5.05;0;2.4
01.08.2019;5.24;25312.02;2.04;9179.86;1.64;6.88;4.57;4.49;1.56;2.56;64.79;1.57;0.05;16193.01;10275.64;21643.92;47604.25;61505.81;16660.79;8595.39;94.58;71.88;62.2;3.37;851.93;4.59;2630309.39;40176.83;51.86;2713682.27;37.88;2730.07;132278.44;71.81;91.51;79.31;6.83;6.84;6.99;7.11;7.39;-0.39;-0.37;-0.31;-0.14;-0.03;0.24;14.61;13.07;8.83;9.04;1.25;1.84;5.34;6.73;1.25;6.1;6.46;1.62;1.62;1.68;2.33;1.11;1.64;1.8;1.92;2.46;4.75;1.4;1.69;1.27;2.94;0.84;1.12;0.89;7.09;470.7;2.54;1.47;59.95;4.73;3.25;5.13;10.53;5;0;2.13
01.09.2019;4.92;25445.86;1.94;9271.11;1.66;6.6;4.58;4.25;1.58;2.95;64.17;1.58;0.05;16475.71;10390.82;21882.26;47886.37;62158.2;16893.64;8257.61;92.9;71.78;62.17;3.42;837.61;4.59;2523121.48;38312.16;50.64;2712693.92;37.86;2689.12;133032.21;70.36;91.27;79.44;6.69;6.66;6.63;6.73;7.1;-0.21;-0.23;-0.24;-0.16;-0.06;0.29;14.24;13.06;8.42;9.1;1.1;1.63;5.23;6.38;1.07;5.9;6.71;1.61;1.61;1.67;2.36;1.14;1.69;1.79;1.88;2.55;4.85;1.39;1.72;1.33;3.18;0.88;1.2;0.89;7.18;471.95;2.56;1.47;61.47;4.74;3.26;5.14;10.55;5.01;0;2.04
01.10.2019;5.03;25492.67;1.74;9348.56;1.68;6.21;4.58;4.17;1.61;1.94;64.13;1.57;0.05;16525.19;10469.75;22493.88;48637.46;62359.62;17056.84;8320.07;93.22;72.02;62.31;3.45;834.05;4.64;2500428.08;40306.43;50.38;2718091.78;37.8;2863.82;139966.46;70.97;91.15;81.51;6.31;6.29;6.33;6.47;6.79;-0.57;-0.56;-0.54;-0.45;-0.33;0;13.57;12.93;8.31;9.27;1.07;1.39;4.95;6.16;0.91;5.7;6.44;1.48;1.48;1.66;2.38;1.13;1.71;1.79;1.96;2.57;4.78;1.39;1.93;1.34;3.21;0.8;1.19;0.88;7.21;469.89;2.58;1.48;57.68;4.73;3.26;5.15;10.48;4.99;0;1.83
01.11.2019;4.95;25468.61;1.6;9390.07;1.69;5.74;4.59;4.5;1.53;1.98;63.48;1.55;0.05;16676.57;10533.29;22461.8;48972.49;62735.81;17272.65;8430.52;88.92;72.56;62.83;3.43;829.48;4.65;2755764.38;40281.99;50.69;2750813.25;37.83;2900.1;141911.87;70.38;91.35;82.21;5.97;5.89;5.99;6.19;6.54;-0.51;-0.59;-0.65;-0.49;-0.25;0.11;14.74;12.65;8.01;9.15;0.97;1.11;4.49;5.84;0.72;5.39;6.14;1.53;1.53;1.67;2.38;1.12;1.66;1.84;1.91;2.53;4.74;1.35;1.71;1.32;2.47;0.81;1.13;0.89;6.81;467.49;2.62;1.49;62.69;4.73;3.27;5.17;10.44;4.97;0;1.55
01.12.2019;5.97;25462.69;1.54;9501.33;1.69;5.58;4.59;4.24;1.55;1.77;62.75;1.55;0.05;16742.58;10662.21;22815.16;49830.47;63274.16;17474.71;8341.65;84.56;72.19;62.55;3.44;821.95;4.63;2542696.56;42486.12;50.56;2732254.61;37.79;3016.74;155819.89;69.23;90.64;82.63;5.68;5.64;5.92;6.17;6.51;-0.56;-0.57;-0.55;-0.25;0.01;0.38;14.76;12.47;7.71;8.51;0.85;1.12;4.5;5.48;0.59;5.12;5.69;1.65;1.65;1.67;2.4;1.14;1.64;1.82;1.9;2.5;4.76;1.35;1.84;1.24;2.5;0.8;1.07;0.85;7.07;465.96;2.62;1.5;67.55;4.72;3.28;5.16;10.62;4.95;0;1.55
01.01.2020;4.59;25468.46;1.45;9515.28;1.62;5.43;4.6;4.05;1.57;1.84;61.35;1.56;0.05;16187.3;10653.5;23221.83;50056.44;62900.38;17747.11;8350.88;83.33;71.88;62.16;3.45;827.03;4.71;2347085.07;35510.86;51.27;2710184.52;37.68;2999.23;146408.74;67.85;90.34;79.86;5.45;5.47;5.75;5.97;6.31;-0.76;-0.72;-0.63;-0.35;-0.12;0.27;14.7;12.13;7.32;8.37;0.77;1.12;4.32;5.34;0.65;4.92;5.69;1.53;1.53;1.67;2.41;1.12;1.66;1.88;1.89;2.46;4.79;1.42;1.8;1.56;2.51;0.81;1.15;0.86;7.23;455.68;2.6;1.5;64.14;4.73;3.28;5.16;10.82;5;0;1.55
01.02.2020;5.43;25506.97;1.33;9602.24;1.65;5.22;4.6;4.19;1.58;1.89;64.2;1.55;0.05;17244.93;10804.93;23512.51;50511.47;63086.65;18055.52;8818.96;85.85;71.55;61.97;3.37;824.16;4.56;2216356.92;34588.55;51.75;2712939.02;37.85;2820.33;127361.5;69.13;91.93;82.45;5.01;5.13;5.51;5.74;6.12;-0.78;-0.73;-0.63;-0.35;-0.13;0.28;14.62;11.96;7.39;7.74;0.79;1.03;4.17;5.07;0.65;4.76;5.21;1.27;1.27;1.71;2.39;1.15;1.65;1.81;1.91;2.71;4.9;1.41;1.92;1.4;3.02;0.91;1.08;0.88;7.42;453.07;2.65;1.49;53.11;4.73;3.28;5.15;10.25;4.98;0;1.58
01.03.2020;3.93;26339.65;0.28;9729.81;1.58;5.93;4.63;2.85;1.57;1.82;73.26;1.56;0.05;17075.74;10997.75;23959.82;50959.16;64486.84;18344.18;10225.25;97.38;71.74;62.14;3.49;815.33;4.72;2112444;34463.54;52.67;2715797.3;37.87;2539.26;100216.99;80.99;33.16;90.3;5.25;5.41;6.48;6.68;7.12;-0.06;0.13;0.42;0.92;1.15;1.51;14.73;11.69;7.68;8.02;0.68;0.91;4.16;4.84;0.38;4.67;5.13;0.56;0.56;1.65;2.42;1.16;1.61;1.89;1.93;2.66;4.95;1.42;1.95;1.43;2.6;0.76;1.07;0.86;7.23;445.18;2.71;1.39;35.19;4.76;3.3;5.17;9.56;4.96;0;0.65
01.04.2020;4.91;26685.96;0.15;10348.81;1.2;5.52;4.67;3.95;1.4;1.26;74.33;1.46;0.06;17660.63;11778.46;25386;52133.66;68059.09;18172.5;9447.37;97;70.43;61.86;4.31;1757.77;4.41;2179144.58;36473.49;131.07;1978538;28.08;2705.05;111412.54;81.47;10.43;91.94;5.01;5.2;5.8;6.02;6.47;-0.77;-0.65;-0.45;-0.02;0.2;0.57;14.79;11.62;7.63;8.86;0.58;0.81;4.59;4.9;0.31;4.61;5.03;0.38;0.38;1.65;2.4;0.95;0.82;1.79;1.83;2.74;4.15;1.21;1.71;1.25;1.88;0.65;0.75;0.86;7;450.06;1.96;0.92;24.05;4.84;3.31;5.17;7.15;4.77;0;0.05
01.05.2020;4.55;26729.3;0.14;10886.45;1.39;4.89;4.68;3.38;1.46;2.76;73.09;1.42;0.07;17757.21;12090.68;26087.77;52743.17;68126.1;18196.76;9311.86;94.64;70.11;61.83;4.6;2472.03;4.59;2313007.44;36461.84;194.54;2175665.82;30.98;2776.33;123510.21;80.33;34.78;89.33;4.76;4.76;5;5.25;5.84;-0.67;-0.68;-0.68;-0.53;-0.27;0.36;14.32;11.31;7.14;8.16;0.78;0.82;4.04;4.88;0.32;4.37;5.06;0.37;0.37;1.44;2.42;1.08;1.24;1.73;1.71;2.71;4.49;1.28;1.82;1.35;2.39;0.79;1.09;0.86;7.18;435.66;2.08;0.93;32.51;4.85;3.32;5.17;5.97;4.64;0;0.05
01.06.2020;5.05;26834.83;0.16;11240.43;1.62;4.44;4.7;4.22;1.5;0.65;71.19;1.44;0.07;17620.43;12414.39;26576.81;53146.76;68178.52;18339.66;9406.25;95.38;70.09;61.85;4.71;3136.1;4.52;2237784.82;33439.47;225.86;2482944.07;35.45;2792.91;121804.59;80.33;96.92;88.62;4.19;4.27;4.89;5.28;5.94;-0.94;-0.85;-0.69;-0.22;0.13;0.8;14.07;11.23;6.95;7.3;0.42;0.67;3.91;4.85;0.47;4.12;4.56;0.39;0.39;1.44;2.45;1.17;1.43;1.78;1.7;2.75;4.9;1.3;1.96;1.41;2.68;0.92;1.29;0.86;7.21;429.79;2.36;1.04;38.93;4.89;3.34;5.16;7.87;4.7;0;0.08
01.07.2020;4.41;26994.58;0.12;11503.82;1.77;4.34;4.72;3.16;1.56;1.23;72.54;1.47;0.07;18373.08;12697.9;27493.9;54262.4;69239.2;18575.65;9955.02;120.63;70;61.91;4.77;3608.07;4.65;2077719.2;30883.87;238.42;2611853.96;37.29;2950.66;122054.03;83.07;25.17;91.06;4.17;4.24;4.83;5.33;6.16;-0.22;-0.16;-0.02;0.47;0.94;1.77;13.82;10.78;6.4;7.5;0.42;0.68;3.55;4.45;0.36;3.41;4.49;0.36;0.36;1.44;2.44;1.21;1.5;1.82;1.72;2.84;5.07;1.36;1.98;1.43;2.94;1.02;1.29;0.88;7.34;439.65;2.51;1.19;41.76;4.92;3.35;5.18;9.23;4.86;0;0.09
01.08.2020;4.88;27221;0.11;11728.04;1.78;4.31;4.74;3.34;1.59;1.01;73.03;1.52;0.07;18508.66;12852.15;27951.95;55069.66;70597.23;18857.82;9972.28;118.02;69.97;61.96;4.85;3956.12;4.67;1876681.42;27954.61;245.72;2601755.39;37.34;2928.3;123335.87;86.25;9.29;96.07;4.16;4.21;4.87;5.42;6.28;-0.15;-0.08;0.06;0.62;1.16;2.03;13.54;10.78;6.21;7.05;0.41;0.62;3.29;4.23;0.22;3.28;4.29;0.38;0.38;1.51;2.46;1.25;1.51;1.84;1.74;2.85;5.18;1.36;1.99;1.55;3.89;1;1.27;0.88;7.47;449.63;2.52;1.29;44.39;4.94;3.36;5.18;9.25;4.88;0;0.1
01.09.2020;5.58;27168.94;0.11;11827.6;1.85;4.22;4.75;3.02;1.57;0.92;74.99;1.5;0.07;18539.53;12980.86;28881.44;55668;71148;19163.86;10721.76;124.26;70.16;62.04;4.79;4142.3;4.69;1810801.02;26766.81;241.31;2628298.11;37.54;2826.93;116626.47;88.51;11.16;97.87;4.12;4.16;4.88;5.5;6.38;-0.13;-0.08;0.06;0.75;1.36;2.22;13.81;10.61;6.26;6.91;0.4;0.56;3.36;4.17;0.3;3.29;4.57;0.28;0.28;1.52;2.44;1.24;1.51;1.85;1.78;2.91;5.19;1.4;2.02;1.34;2.89;1.07;1.21;0.89;7.74;459.28;2.54;1.34;40.39;4.95;3.38;5.2;9.26;4.95;0;0.09
01.10.2020;4.82;27351.27;0.1;11974.66;1.86;4.26;4.77;3.23;1.57;0.74;77.29;1.5;0.07;18489.96;13118.29;29497.29;56410.88;72887.5;19529.85;10710.29;128.24;70.21;61.97;4.62;3982.22;4.68;1778132.86;26819.15;220.74;2635950.94;37.55;2634.82;106552.32;91.58;11.94;101.29;4.21;4.23;4.89;5.44;6.27;-0.04;0.01;0.14;0.73;1.25;2.09;13.71;10.33;6.15;6.98;0.47;0.54;3.29;4.1;0.28;3.29;4.39;0.23;0.23;1.52;2.45;1.21;1.51;1.87;1.71;2.81;5.21;1.39;2.08;1.38;2.99;1.09;1.18;0.9;7.56;455.12;2.59;1.34;37.38;4.96;3.4;5.23;9.26;5.03;0;0.09
01.11.2020;4.78;27600.72;0.1;12158.28;1.89;4.29;4.79;3.13;1.6;1.28;76.97;1.54;0.06;18477.49;13309.04;29980.63;56886.94;73444.65;19662.24;10374.79;114.93;70.57;62.25;4.53;3546.22;4.67;1790541.76;27550.93;195.33;2640593.55;37.25;3069.88;123550.17;91.27;12.15;102.21;4.29;4.28;4.86;5.34;6.18;0.21;0.23;0.29;0.76;1.27;2.11;13.43;10.53;6.04;6.72;0.42;0.51;3.22;4.12;0.3;3.26;4.4;0.25;0.25;1.54;2.45;1.29;1.54;1.87;1.74;3;5.34;1.43;2.11;1.69;2.83;1.1;1.37;0.91;7.31;457.23;2.58;1.34;42.35;5;3.42;5.23;9.45;5.14;0;0.09
01.12.2020;3.97;27433.13;0.09;12259.33;1.93;4.33;4.82;3.38;1.65;0.65;74.16;1.57;0.06;18860.97;13451.15;30753.24;56844.66;73205.61;19833.95;10291.9;96.2;70.58;62.08;4.34;3121.97;4.73;1966375.2;29562.29;164.81;2646309.66;37.42;3274.47;138216.01;89.24;12.34;100.32;4.26;4.28;4.93;5.42;6.21;0.03;0.08;0.18;0.73;1.22;2.02;13.38;10.43;6.13;6.95;0.43;0.8;3.24;4.1;0.28;3.28;4.6;0.39;0.39;1.56;2.44;1.29;1.58;1.89;1.77;3.23;5.41;1.44;2.13;1.41;3.02;1.28;1.22;0.93;7.45;461.15;2.59;1.37;52.4;5.04;3.43;5.24;10.05;5.28;0;0.09
01.01.2021;4.75;28409.05;0.08;12372.57;1.94;4.26;4.83;3.42;1.61;1.82;73.29;1.55;0.06;17754.37;13481.53;31052.98;56844.9;73469.53;20481.02;10970.31;98.37;71.11;62.34;4.26;2762.74;4.71;1928270.62;27959.17;148.94;2674085.43;37.58;3239.88;133792.03;88.65;12.21;99.94;4.2;4.22;5.05;5.65;6.43;-0.2;-0.15;-0.02;0.72;1.32;2.13;13.28;10.34;5.91;6.94;0.38;0.52;3.25;4.09;0.24;3.28;4.48;0.47;0.47;1.55;2.49;1.31;1.63;1.88;1.73;3.15;5.46;1.43;2.08;1.53;3.03;1.15;1.2;0.95;7.68;449.16;2.63;1.39;55.71;5.05;3.45;5.22;11.07;5.45;0;0.09
01.02.2021;4.17;28811.15;0.04;12555.95;1.93;4.44;4.86;3.29;1.63;0.61;74.04;1.57;0.06;18218.61;13830.43;31726.59;57375.08;73920.21;20891.86;10523.7;91.16;71.23;62.39;4.19;2352.64;4.73;1801998.14;24712.77;126.48;2689602.54;37.75;3421.78;144610.75;88.12;11.93;101.79;4.2;4.29;5.23;5.86;6.64;0.35;0.38;0.5;1.31;1.95;2.74;13.48;10.05;5.89;6.93;0.39;0.52;3.12;4.18;0.46;3.21;4.9;0.5;0.5;1.56;2.5;1.33;1.63;1.96;1.81;3.07;5.37;1.39;2.16;1.52;3.18;1.19;1.26;0.96;7.63;465.9;2.63;1.42;60.08;5.08;3.47;5.25;11.67;5.64;0;0.08
01.03.2021;4.24;29098.75;0.03;12626.71;1.95;4.78;4.89;3.78;1.64;1.03;73.36;1.59;0.06;19172.26;13952.57;32041.77;57673.1;74048.07;21332.98;10515.2;88.77;71.34;62.28;4.06;1928.76;4.71;1686241.42;24672.73;102.31;2690596.74;37.74;3590.58;148627.51;87.87;11.39;102.29;4.39;4.44;5.72;6.27;6.86;0.58;0.6;0.78;1.78;2.36;2.88;13.4;10.01;5.88;6.84;0.37;0.63;3.19;4.15;0.22;3.25;5.08;0.82;0.82;1.58;2.53;1.34;1.72;1.95;1.87;3.02;5.42;1.43;2.24;1.55;3.03;1.52;1.23;0.97;7.72;465.19;2.64;1.45;67.76;5.11;3.49;5.3;12.31;5.8;0;0.07
01.04.2021;4.64;29683.56;0.02;12709.34;1.98;5.21;4.92;3.82;1.66;2.75;75.33;1.6;0.06;19305.75;14019.91;32530.42;57957.53;74869.46;21770.71;10706.76;84.17;71.38;62.37;3.95;1694.8;4.74;1534057.65;22913.19;89.04;2700593.68;37.86;3618.76;154524.53;90.35;11.41;104.08;4.63;4.77;6.01;6.54;7.12;0.41;0.51;0.76;1.72;2.29;2.77;13.54;9.95;6.02;6.92;0.39;0.6;3.25;4.39;0.24;3.51;5.17;0.86;0.86;1.62;2.57;1.36;1.72;1.99;1.93;3.05;5.47;1.46;2.24;1.77;3.1;1.42;1.23;0.97;7.78;476.66;2.66;1.49;66.21;5.15;3.52;5.35;12.76;5.96;0;0.07
01.05.2021;3.51;30281.28;0.02;12862.9;2.02;5.73;4.96;3.81;1.66;1.61;74.97;1.61;0.05;19663.8;14156.34;33255.42;58971.7;76232.82;22221;10835.21;86.03;71.69;62.47;3.78;1531.94;4.75;1511181.31;22648.92;79.29;2711190.25;37.81;3772.54;156868.43;91.55;11.23;105.2;5.16;5.33;6.32;6.72;7.19;0.43;0.57;0.8;1.47;1.91;2.44;13.67;10.17;6.36;7.14;0.4;0.53;3.31;4.46;0.17;3.9;5.32;0.87;0.87;1.61;2.57;1.34;1.65;2.08;1.88;3.03;5.63;1.49;2.4;1.66;2.82;1.34;1.26;0.98;7.83;483.31;2.65;1.49;70.84;5.21;3.54;5.4;12.72;6.08;0;0.06
01.06.2021;4.15;30947.1;0.04;12808.82;1.98;6.41;5;3.76;1.65;2.84;75.24;1.61;0.05;20002.43;14015.64;33443.28;59355.47;76848.99;22737.83;10549.52;81.8;71.7;62.4;3.65;1398.17;4.72;1533847.89;21365.25;69.52;2709012.04;37.8;3912.23;159565.24;90.78;10.87;104.53;6.05;6.18;6.9;7.19;7.43;0.66;0.81;1.05;1.58;1.84;2.14;13.56;10.04;6.76;7.83;0.42;0.6;3.42;4.88;0.18;4.37;6.09;0.86;0.86;1.62;2.58;1.35;1.68;2.04;1.87;3.13;5.43;1.49;2.41;1.56;3.2;1.36;1.21;0.99;7.95;490.17;2.64;1.49;71.44;5.28;3.57;5.45;13.64;6.29;0;0.08
01.07.2021;4.38;31387.94;0.05;12786.56;2;6.81;5.03;3.59;1.64;2.96;75.41;1.6;0.05;19370.67;13886.35;33429.33;59598.5;76791.26;23069.88;10516.23;81.13;71.81;62.34;3.47;1302.66;4.75;1491133.84;21325.05;63.21;2709942.83;37.74;3802.5;163035.83;89.3;10.82;102.59;6.49;6.64;7.16;7.27;7.38;0.37;0.52;0.74;1.12;1.23;1.39;14.07;10.73;7.43;7.78;0.45;0.56;3.76;5.35;0.21;4.98;6.07;0.84;0.84;1.61;2.6;1.32;1.68;2.06;1.8;3.08;5.4;1.49;2.36;1.74;3.1;1.28;1.22;0.98;7.75;483.25;2.65;1.48;73.11;5.3;3.6;5.56;14.38;6.48;0;0.1
01.08.2021;4.26;31657.04;0.05;12828.48;1.99;6.83;5.06;2.68;1.66;1.57;73.05;1.61;0.05;19715.42;14005.67;33337.36;59891.94;77040.26;23456.04;10469.08;79.53;71.81;62.24;3.42;1215.3;4.74;1377564.66;19361.11;56.53;2725372.48;38.12;3825.21;166198.16;85.97;10.04;100.31;6.87;6.88;7.02;7.09;7.25;0.17;0.22;0.31;0.5;0.56;0.77;14.31;10.89;8.29;8.45;0.44;0.98;4.01;6.03;0.33;5.59;6.62;0.83;0.83;1.61;2.66;1.31;1.7;2.08;1.85;3.15;5.48;1.54;2.25;1.66;3.28;1.46;1.25;0.97;7.82;476.33;2.67;1.5;68.91;5.33;3.63;5.65;14.8;6.46;0;0.09
01.09.2021;4.46;32006.69;0.04;12812.23;1.96;6.91;5.1;3.45;1.69;1.07;72.39;1.63;0.05;19435.7;14061.53;33516.85;60220.59;77683.02;23836.13;10408.65;77.61;72.03;62.33;3.28;1143.56;4.77;1360502.47;19001.9;52.58;2726272.41;37.85;3977.18;176187.56;85.7;11.31;99.89;7.07;7.05;6.97;7.05;7.27;0.29;0.31;0.35;0.43;0.47;0.65;14.44;10.93;8.15;8.51;0.52;0.84;4.24;6.01;0.23;5.83;6.41;0.82;0.82;1.65;2.57;1.34;1.78;2.07;1.86;3.16;5.47;1.54;2.5;1.75;3.37;1.49;1.24;1;7.87;484.92;2.71;1.53;73.83;5.4;3.65;5.68;14.4;6.45;0;0.08
01.10.2021;4.9;32396.94;0.05;12945.03;1.97;7.36;5.15;3.55;1.71;2.72;71.01;1.64;0.04;19520.01;14170.69;33817.94;61013.55;78726.84;24218.66;10237.95;75.61;72.22;62.44;3.24;1122.69;4.72;1280744.5;18048.17;50.89;2732554.36;37.85;4035.33;180181.21;83.37;11.18;98.46;7.31;7.33;7.62;7.66;7.73;0.38;0.5;0.67;0.84;0.84;0.9;14.64;11.03;8.33;8.63;0.47;0.77;4.44;5.98;0.38;6.05;6.79;0.94;0.94;1.66;2.65;1.35;1.8;2.1;1.89;3.24;5.6;1.57;2.49;1.74;2.98;1.56;1.26;1;7.8;485.92;2.71;1.54;79.19;5.5;3.68;5.72;15.05;6.52;0;0.08
01.11.2021;3.92;32820.12;0.05;12972.34;1.98;8.24;5.19;3.2;1.7;2.69;73.22;1.64;0.04;19678.36;14214.18;34112.03;61906.03;79274.63;24427.01;10860.45;77.69;72.07;62.35;3.17;1051.62;4.77;1180944.93;16696.74;48.47;2739722.25;37.84;3839.74;163073.74;83.76;11.88;99.32;7.86;8.05;8.69;8.54;8.32;0.51;0.76;1.07;1.27;1.17;0.95;14.86;11.05;8.58;8.76;0.41;0.81;4.6;6.41;0.19;6.45;7.24;1.05;1.05;1.67;2.64;1.33;1.73;2.13;1.9;3.31;5.52;1.57;2.52;1.73;3.67;1.4;1.26;0.99;8.03;482.89;2.69;1.54;79.32;5.53;3.7;5.77;16.2;6.69;0;0.08
01.12.2021;4.47;33109.9;0.06;13078.15;1.98;8.24;5.22;2.96;1.78;0.98;73.77;1.68;0.04;19751.62;14312.98;34966.18;63170.14;81191.42;24861.26;10936.65;57.58;72.29;62.5;3.15;976.44;4.78;956033.67;14921.67;46.55;2750602;37.98;3794.68;158141.13;82.55;12.64;99.14;7.78;8.01;8.7;8.65;8.52;0.12;0.4;0.74;1.04;0.98;0.85;15.08;11.09;8.77;9.01;0.4;0.84;4.88;7.3;0.41;6.85;7.3;1.27;1.27;1.68;2.66;1.37;1.84;2.19;1.88;3.47;5.79;1.57;2.67;1.81;3.64;1.64;1.36;0.99;8.04;478.74;2.76;1.55;77.51;5.57;3.73;5.81;16.7;6.85;0;0.08
01.01.2022;4.38;33375.93;0.14;13069.31;2.37;9.07;5.25;2.73;1.79;0.87;75.04;1.69;0.05;19493.37;14244.02;35280.51;64206.46;81715.95;25304.14;11437.84;59.93;72.58;62.42;3.27;863.69;4.77;928884.27;14484.44;43.68;2768740.75;38.19;3542.27;143362.78;84.4;12.67;102;9.04;9.08;9.26;9.23;9.06;0.73;0.83;0.92;0.96;0.95;0.82;15.09;11.16;9.46;9.73;0.39;0.83;4.93;7.53;0.28;7.08;7.84;1.62;1.62;1.68;2.65;1.45;1.83;2.2;1.88;3.38;5.9;1.62;2.75;1.83;3.67;1.6;1.36;0.99;7.91;479.99;2.75;1.59;87.59;5.61;3.75;5.84;16.33;6.97;0;0.08
01.02.2022;4.32;34683.49;0.29;13158.65;2.35;10.2;5.3;2.75;1.75;0.98;76.19;1.68;0.04;19541.26;14523.39;36098.89;64904.11;82801.64;25877.21;12193.45;70.28;72.81;62.45;3.1;809.72;4.76;919115.53;15142.64;41.85;2746636.66;37.69;2546.89;93560.2;85.01;12.71;102.8;9.97;10.11;10.1;10.03;9.72;1.08;1.07;1.03;0.9;0.8;0.46;15.32;11.19;11.17;10.07;0.84;0.79;6.22;8.02;0.25;8.11;8.56;1.82;1.82;1.68;2.64;1.31;1.82;2.2;1.91;3.53;5.84;1.6;2.44;1.72;3.52;1.7;1.4;0.98;8.05;468.88;2.79;1.57;92.03;5.66;3.78;5.88;18.43;7.14;0;0.08
01.03.2022;7.32;35058.52;0.45;14051.55;2.16;14.73;5.71;7.7;1.65;0.59;101.48;1.64;0.04;22286.33;16593.38;37088.74;65941.38;83926.23;25882.99;12159.21;66.69;72.44;62.11;3.1;815.79;4.75;972117.56;15995.61;44.54;2749759.01;37.97;2742.52;102410.74;111.28;16.44;135.36;15.22;14.73;13.13;12.52;12.34;-2.85;-3.34;-4.15;-6.02;-6.64;-7.02;24.7;11.24;18.16;12.87;5.87;2.03;18.55;9.51;1.57;17;15.8;2.13;2.13;1.69;2.59;1.35;1.91;2.08;1.77;3.38;5.73;1.58;2.49;1.7;3.55;1.59;1.36;1.04;8.23;479.91;2.71;1.56;99.6;6.04;4.2;5.99;20.45;7.69;0;0.2
01.04.2022;4.1;35482.52;0.82;14020.88;2.06;11.98;5.8;5.19;1.63;0.54;76.87;1.58;0.04;19106.33;15265.91;35254.79;67749.2;84675;25622.25;9800.87;55.9;72.65;62.42;3.02;819.56;4.32;878440.54;13207.33;46.73;2756469.05;37.97;2489.23;111538.95;84.68;11.98;99.71;13.91;12.95;10.42;10.3;10.39;-2.5;-3.88;-5.24;-6.22;-6.33;-6.41;25.48;15.05;14.94;12.57;1.62;0.96;13.5;9.11;0.71;14.26;12.66;2.81;2.81;1.58;2.57;1.34;1.77;2.15;1.73;3.22;5.58;1.57;2.52;1.72;3.54;1.48;1.28;0.99;8.64;474.05;2.4;1.55;86.52;6.22;4.23;6.11;22.72;8.03;0;0.33
01.05.2022;6.73;35981.19;1.1;13562.1;1.93;10.8;5.81;5.54;1.62;0.83;64.63;1.58;0.04;18679.87;14516.4;34633.78;68231.78;83702.18;25570.67;8713.18;50.13;72.67;62.39;3.06;817.93;4.39;851187.53;12160.18;47.36;2764871.97;38.08;2387.12;117521.44;67.27;73.17;79.99;12.35;11.42;10.18;10.15;10.04;-0.73;-1.81;-2.8;-3.17;-3.13;-3.13;24.53;14.88;13.35;11.93;0.55;1.11;8.07;8.2;0.59;11.09;10.65;2.97;2.97;1.59;2.55;1.34;1.79;2.12;1.79;3.23;5.3;1.55;2.48;1.65;3.59;1.31;1.22;1.02;7.98;474.01;2.39;1.55;82.26;6.28;4.23;6.14;16.92;7.52;0;0.77
01.06.2022;5.58;36316.7;1.52;13321.62;1.89;9.48;5.8;4.69;1.6;1.47;59.51;1.59;0.04;18861.84;14159.47;34901.55;69215.8;83585.26;25619.3;7081.53;36.99;72.6;62.34;3.02;825.23;4.5;811236.98;12291.78;48.11;2770164.53;38.19;2244.25;123268.51;62.3;86.54;72.59;9.96;9.73;9.31;9.34;9.18;-0.34;-0.51;-0.64;-0.66;-0.66;-0.67;21.51;13.78;11.8;9.95;0.63;1.01;6.99;8.76;0.46;8.22;8.55;3.2;3.2;1.66;2.57;1.28;1.79;2.15;1.84;3.16;5.32;1.57;2.39;1.61;3.1;1.52;1.25;0.97;8.16;463.35;2.39;1.55;85.41;6.24;4.21;6.2;16.17;7.15;0;1.21
01.07.2022;5.57;36893.49;1.99;13280.61;1.77;8.36;5.79;6.66;1.67;1.58;59.4;1.61;0.04;19235.76;14034.85;36180.21;69810.67;81698.22;25784.05;8154.32;32.95;72.6;62.24;2.97;801.65;4.56;722531.92;11754.71;46.4;2773608.69;38.25;2221.69;104240.37;60.34;87.17;69.76;8.55;8.52;8.85;9.15;9.29;-1;-1.04;-0.98;-0.46;-0.16;0.08;18.45;12.57;10.99;9.9;0.52;0.88;6.35;7.79;0.28;7.71;8.64;3.03;3.03;1.64;2.6;1.32;1.83;2.17;1.85;3.19;5.29;1.55;2.78;1.55;3.55;1.42;1.18;0.96;8.37;463.23;2.4;1.56;77.04;6.19;4.2;6.17;15.6;6.87;0.08;1.68
01.08.2022;5.76;38269.16;2.55;13243.21;1.81;7.8;5.78;6.91;1.65;1.76;60.08;1.61;0.04;19193.76;14030.44;37389.18;71539.69;84925.74;25967.86;7749.58;28.17;72.83;62.39;2.91;793.89;4.6;887898.74;14131.28;45.12;2762348.43;38.02;2322.34;117646.68;60.8;87.52;71.42;8.16;8.01;8.42;8.91;9.31;-0.43;-0.49;-0.46;0.12;0.58;1.03;18.65;12.4;10.25;8.53;0.29;0.65;5.19;7.01;0.31;6.84;8.11;3.05;3.05;1.64;2.64;1.29;1.87;2.15;1.85;3.23;5.28;1.53;2.64;1.68;3.5;1.59;1.17;0.99;8.46;460.76;2.41;1.57;73.82;6.17;4.19;6.24;14.97;6.68;0.5;2.33
01.09.2022;5.15;39261.83;3;13274.46;1.84;7.83;5.8;6.26;1.66;1.51;59.51;1.61;0.04;19895.53;14172.96;38652.08;73833.19;86036.31;26308.49;7447.47;26.3;72.37;62.03;2.88;764.37;4.64;938380.71;13472.12;42.97;2767562.56;38.2;1890.22;103993.07;59.45;85;67.83;7.95;7.89;8.38;8.99;9.76;0.02;0.05;0.15;0.71;1.24;1.93;18.46;12.09;9.67;8.93;0.21;0.89;5.63;7.11;0.32;6.63;8.02;3.61;3.61;1.63;2.68;1.34;1.83;2.17;1.87;3.21;5.41;1.54;2.66;1.61;3.73;1.49;1.2;0.99;8.42;452.77;2.42;1.58;67.59;6.16;4.2;6.21;14.7;6.59;0.93;2.56
01.10.2022;5.29;40542.83;3.73;13976.3;1.85;7.78;5.8;5.09;1.69;1.44;60.71;1.62;0.04;21188.16;15079.7;40387.55;75647.36;86646.33;26549.47;7615.94;27.92;72.69;62.27;2.85;734.66;4.66;838539.99;12828.05;41.05;2774024.77;38.16;2094.3;107393.28;60.43;84.39;69.6;7.75;7.67;8.66;9.4;10.27;0.03;0.1;0.29;1.05;1.74;2.57;17.98;12.33;9.41;9.03;0.99;0.95;5.27;7.11;1.49;6.61;8.46;3.97;3.97;1.64;2.72;1.4;1.79;2.16;1.88;3.13;5.48;1.53;2.72;1.61;3.76;1.68;1.22;0.99;8.75;453.52;2.44;1.58;64.88;6.16;4.19;6.24;14.42;6.49;1.25;3.08
01.11.2022;6.23;41175.97;4.33;14561.67;1.88;7.35;5.81;5.26;1.71;1.32;61.54;1.63;0.04;21191.14;15474;41601.88;77002.38;88213.32;26849.35;7598.23;27.68;72.89;62.36;2.78;713.24;4.71;964065.85;12103.66;40.44;2798868.37;38.23;2147.51;109046.9;62.96;84.9;73.06;7.32;7.29;8.55;9.38;10.36;0.03;0.06;0.22;1.19;2.05;3.01;18.81;12.36;9.43;8.9;1.18;0.9;5.2;7.13;1.36;6.37;7.55;3.89;3.89;1.64;2.75;1.4;1.85;2.14;1.87;3.17;5.56;1.52;2.86;1.6;3.82;1.78;1.28;1;8.65;459.88;2.49;1.6;64.41;6.14;4.19;6.29;14.3;6.51;1.98;3.78
01.12.2022;6.68;42200.19;4.46;14893.56;1.93;7.16;5.84;5.58;1.72;1.53;65.85;1.64;0.04;21586.6;15792.09;42019.71;77996.68;88876.82;27222.29;8841.69;28.91;72.61;62.09;2.74;686.96;4.7;788287;10459.79;39.34;2769756.37;38.07;2177.12;100026.58;69.15;79;81.04;6.89;6.97;8.43;9.34;10.4;-0.36;-0.26;0;1.11;2.02;3.04;17.54;11.91;8.66;8.65;0.91;0.75;5.11;7.13;1.19;6.21;8.21;3.85;3.85;1.65;2.81;1.33;1.98;2.07;1.89;3.15;5.56;1.53;2.87;1.75;4.08;1.74;1.3;1;8.85;459.03;2.48;1.6;54.26;6.14;4.2;6.27;14.55;6.52;2.18;4.1
01.01.2023;5.67;42653.72;4.48;15296.86;1.92;7.15;5.87;6.04;1.73;1.22;67.22;1.65;0.04;23324.82;16155.26;43206.79;79802.67;92361.13;27594.13;8676.03;27.71;73.26;62.6;2.68;674.13;4.72;804745.51;19662.58;39.39;2795486.6;38.27;2257.79;102964.24;71.97;10.79;82.58;6.85;6.93;8.43;9.31;10.33;-0.03;0.07;0.32;1.45;2.36;3.43;19.21;12.81;9.35;8.19;1.22;0.85;5.07;7;0.8;6.03;6.46;3.77;3.77;1.62;2.74;1.32;1.86;2.07;1.9;3.23;5.66;1.52;2.91;1.6;3.99;1.89;1.3;0.99;8.95;468.77;2.58;1.61;52.19;6.18;4.2;6.28;13.72;6.57;2.5;4.33
01.02.2023;5.84;44162.57;4.29;15542.32;2.05;7.31;5.89;6.66;1.72;1.32;71.4;1.65;0.04;23764.09;16550.74;45194.41;81530.51;93148.92;28028.59;8813.17;28.72;73.21;62.51;2.6;653.84;4.76;753833.18;12398.77;38.77;2796002.39;38.19;2331.79;99748.11;75.41;11.39;86.39;6.7;6.92;8.35;9.19;10.37;0.09;0.24;0.54;1.59;2.45;3.65;18.83;12.21;9.25;8.56;0.36;0.88;5.26;7;0.26;5.95;7.18;3.97;3.97;1.62;2.75;1.33;1.92;2.05;1.9;3.21;5.73;1.53;2.89;1.65;4.18;1.81;1.23;0.99;9.1;466.25;2.58;1.61;49.49;6.19;4.2;6.28;13.82;6.6;2.88;4.57
01.03.2023;5.61;45039.05;4.84;15789.7;2.09;7.35;5.91;5.15;1.74;1.51;74.36;1.66;0.04;23882.18;16913.04;45413.76;82896.92;94958.42;28512.32;8897.74;28.45;73.34;62.61;2.58;637.46;4.78;715552.22;9842.25;37.17;2799894.42;38.18;2488.11;101652.4;79.43;11.41;91.46;6.83;6.93;8.31;9.14;10.36;0.19;0.25;0.43;1.44;2.32;3.46;19.08;12.23;9.28;8.67;0.64;0.91;5.69;7.29;0.85;6.15;7.33;3.86;3.86;1.62;2.77;1.35;2;2.08;1.94;3.33;5.8;1.58;3;1.7;4.41;1.92;1.29;0.99;8.93;464.19;2.61;1.63;50.79;6.19;4.21;6.28;13.92;6.68;3.16;4.65
01.04.2023;5.34;45881.87;5.28;16082.7;2.12;7.6;5.94;5.7;1.77;1.62;79.92;1.66;0.03;23698.11;17215.31;45852.83;84149.93;96669.45;28964.69;9238.72;29.89;73.43;62.73;2.53;617.68;4.74;684190.64;9800.58;35.43;2800817.48;38.16;2671.83;102117.06;88.63;11.75;99.48;6.92;7.13;8.37;9.31;10.64;0.12;0.16;0.36;1.55;2.57;3.79;19.2;12.3;9.68;8.86;0.96;1.04;5.47;7.29;0.9;6.13;7.41;3.59;3.59;1.62;2.8;1.34;2;2.12;1.98;3.39;5.92;1.6;3.03;1.66;4.59;1.97;1.32;1;9.11;461.37;2.63;1.63;60.85;6.22;4.22;6.31;14.32;6.72;3.5;4.83
01.05.2023;6.1;46624.97;5.64;16340.04;2.18;7.91;5.96;7.24;1.79;0.99;81.28;1.68;0.03;23359.59;17454.16;46407.5;84374.24;97906.28;29549.25;9335.18;28.73;73.45;62.68;2.45;605.59;4.85;613996.36;11025.95;33.56;2802293.84;38.18;2751.73;101653.14;87.77;11.26;100.78;7.49;7.6;8.67;9.61;10.79;0.3;0.28;0.37;1.34;2.33;3.63;19.62;12.42;9.67;9.1;1.43;1.18;5.51;7.31;1.64;6.24;7.49;3.71;3.71;1.62;2.81;1.34;2.01;2.13;1.92;3.46;6.07;1.64;3.08;1.74;4.7;2.32;1.34;1.01;9.27;456.92;2.66;1.63;57.07;6.22;4.23;6.32;15.42;6.77;3.68;5.06
01.06.2023;5.66;47345.33;5.2;16616.5;2.21;8.33;5.99;6.82;1.81;0.07;86.87;1.69;0.03;24459.43;17668.44;47781.04;86523.62;100111.49;30069.24;10161.15;35.72;73.61;62.73;2.42;589.9;4.89;572681.58;10699.34;31.89;2807080.85;38.18;2848.28;100580.98;93.75;11.45;107.77;8.11;8.21;9.23;10.15;11.24;0.16;0.27;0.52;1.51;2.4;3.65;19.7;12.41;9.84;9.71;1.2;1.07;5.43;7.56;0.91;6.6;7.6;3.95;3.95;1.61;2.81;1.3;2.11;2.12;1.9;3.46;6.09;1.62;3.03;1.86;4.95;2.27;1.38;1.02;9.28;458.98;2.7;1.64;53.27;6.25;4.26;6.36;15.55;6.82;3.83;5.08
01.07.2023;5.99;48519.5;4.68;16869.18;2.22;8.75;6.04;6.91;1.82;0.14;92.33;1.69;0.03;24975.3;17869.23;48143.27;87663.89;102081.32;30506.79;10435.42;36.88;73.79;62.86;2.36;571.32;4.91;444088.18;10246.94;30.54;2811959.27;38.13;3075.64;104174.13;101.88;11.65;115.62;8.21;8.49;9.97;10.76;11.62;-0.36;-0.09;0.38;1.62;2.41;3.36;19.48;12.37;10.16;9.55;1.27;1.38;5.91;7.85;0.95;7.14;7.26;4.2;4.2;1.61;2.84;1.37;2.07;2.15;1.87;3.47;6.17;1.63;3.1;1.84;4.99;2.55;1.42;1.02;9.35;461.2;2.73;1.65;63.08;6.34;4.3;6.35;16.35;6.96;4;5.12
01.08.2023;6.25;49262.06;5.01;17007.61;2.26;10.33;6.08;8.04;1.83;0.35;94.84;1.7;0.03;25203.19;18076.84;49100.32;89293.61;104047.06;31366.05;10834.85;37.67;73.72;62.81;2.32;558.45;4.94;453554.97;5986.21;29.33;2821342.24;38.3;3105.85;102964.86;103.85;11.61;118.68;10.22;10.3;11.04;11.47;11.81;-0.99;-0.79;-0.48;0.18;0.56;0.97;20.08;12.29;12.84;11.31;1.5;1.39;8.93;8.67;0.9;9.61;9.16;4.3;4.3;1.62;2.81;1.41;2.09;2.16;1.88;3.45;6.14;1.63;3.2;1.79;5.2;2.38;1.47;1.02;9.34;463.46;2.75;1.66;71.11;6.39;4.35;6.39;18.11;7.14;4.24;5.33
01.09.2023;5.98;50059.82;5.13;17056.16;2.27;11.91;6.14;7.51;1.85;0.13;96.15;1.7;0.03;25893.19;18338.13;49175.87;90700.15;105791.91;32208;10984;37.65;73.79;62.81;2.28;541.79;4.93;374476.86;4986.34;28.69;2824724.45;38.19;3013.76;104662.94;103.96;12.68;119.44;12.17;12.08;11.86;11.93;11.95;-0.43;-0.37;-0.33;-0.44;-0.49;-0.59;20.71;12.55;13.97;12.18;1.61;1.52;9.65;9.51;0.91;11.82;12.8;4.37;4.37;1.62;2.8;1.4;2.15;2.19;1.86;3.49;6.19;1.62;3.23;1.83;5.02;2.44;1.49;0.99;9.38;464.72;2.76;1.66;81.53;6.46;4.39;6.43;20.17;7.47;4.34;5.33
01.10.2023;6.11;50874.14;5.37;17062.76;2.31;12.22;6.19;7.86;1.84;0.09;96.47;1.7;0.03;24919.33;18279.53;48655.65;91317.92;106830.12;32908.6;10648.45;36.64;73.99;62.9;2.16;529.34;5.02;435257.33;5491.29;27.43;2835073.74;38.32;3086.87;105544.58;103.9;12.77;119.87;12.21;12.08;12.35;12.29;12.2;-0.88;-0.68;-0.52;-0.6;-0.74;-0.9;20.99;13.65;14.81;12.47;2.78;1.64;10.28;9.9;0.68;12.29;13.85;4.53;4.53;1.63;2.78;1.42;2.18;2.22;1.86;3.51;6.13;1.62;3.23;1.81;5.01;2.4;1.46;1.03;9.3;465.17;2.78;1.67;75.09;6.52;4.41;6.46;21.98;7.59;4.5;5.33
01.11.2023;6.58;51504.87;5.46;17056.91;2.34;11.65;6.24;8.04;1.86;0.77;91.72;1.71;0.03;25309.73;18248.58;48854.43;92788.35;107952.62;33405.04;10424.59;34.3;73.89;62.86;2.18;517.51;4.98;405317.49;5639.01;26.24;2835852.47;38.24;3126.77;105697.05;99.7;12.93;115.24;12.83;12.23;11.77;11.74;11.9;-1.88;-2.41;-2.8;-3.04;-3.04;-2.92;21.03;13.72;15.36;12.86;1.52;1.78;11.48;12.11;0.64;13.63;14.59;4.32;4.32;1.62;2.81;1.46;2.23;2.22;1.86;3.51;6.09;1.62;3.22;1.74;5.24;2.49;1.39;1.03;9.51;461.61;2.76;1.68;70.32;6.58;4.43;6.52;21.13;7.58;4.5;5.33
01.12.2023;7.17;52140.23;5.53;17051.61;2.3;12.1;6.27;6.75;1.83;1.05;90.86;1.7;0.03;25203.65;18249.61;48555.54;93970.88;108299.57;33512.57;10669.26;33;74.02;63.01;2.24;504.96;5.05;428256.27;5910.77;25.51;2840229.17;38.26;3155.03;109916.57;98.76;13.88;116.63;13.73;12.84;12.03;11.98;12.08;-1.15;-2.07;-2.75;-3.1;-3.17;-3.12;21.23;13.98;15.56;14.14;2.02;1.75;12.13;11.65;0.55;14.09;14.93;4.12;4.12;1.63;2.81;1.44;2.14;2.37;1.84;3.41;6.11;1.61;3.14;1.71;5.19;2.07;1.38;1.04;9.83;460.36;2.77;1.69;68.49;6.64;4.45;6.54;19.7;7.57;4.5;5.33
